trade_id,trade_identifier,ticker_symbol,quantity,price,trade_date
1,TDB_219848,PYPL,330,178.82,2024-08-13
2,TDB_195199,SPOT,350,2735.94,2024-01-06
3,TDB_135287,HOOD,287,717.59,2024-07-19
4,TDB_227475,DOCU,231,2052.41,2024-03-03
5,TDB_210749,GOOGL,470,2361.51,2024-07-22
6,TDB_171277,SNAP,11,2488.77,2024-08-15
7,TDB_232786,NKE,443,1800.6,2024-10-17
8,TDB_140202,T,2,1168.74,2024-04-24
9,TDB_192224,INTC,322,790.6,2024-09-23
10,TDB_182176,HOOD,114,778.68,2024-11-17
11,TDB_220892,WMT,23,1719.88,2024-02-24
12,TDB_205365,BABA,434,272.08,2024-12-01
13,TDB_218162,AAPL,422,1653.71,2024-12-23
14,TDB_173818,MA,135,290.09,2024-08-23
15,TDB_149610,DOCU,460,117.28,2024-08-20
16,TDB_166758,VZ,338,181.92,2024-12-06
17,TDB_227121,BABA,351,2292.21,2024-12-12
18,TDB_176586,BAC,304,1238.04,2024-01-10
19,TDB_233789,NFLX,317,1672.22,2024-06-23
20,TDB_204580,SHOP,357,1248.18,2024-12-12
21,TDB_235113,WMT,237,1308.69,2024-09-21
22,TDB_220347,BIDU,430,1297.05,2024-09-08
23,TDB_235202,SQ,142,2234.86,2024-07-03
24,TDB_226617,SHOP,285,927.69,2024-03-31
25,TDB_168022,SHOP,121,1917.15,2024-11-29
26,TDB_187341,BABA,355,2397.79,2024-03-09
27,TDB_166889,BAC,63,1241.49,2024-05-21
28,TDB_159645,PFE,278,2401.12,2024-05-19
29,TDB_168087,HOOD,378,1067.0,2024-08-23
30,TDB_131649,ROKU,278,2453.12,2024-07-11
31,TDB_191939,SPOT,318,1395.88,2024-04-11
32,TDB_208670,ZM,231,2842.94,2024-11-22
33,TDB_137818,TSM,48,1246.25,2024-09-02
34,TDB_223981,MA,78,174.0,2024-01-27
35,TDB_167242,TWTR,276,466.4,2024-04-08
36,TDB_214374,BIDU,160,435.39,2024-02-26
37,TDB_200209,NET,458,2192.71,2024-02-29
38,TDB_155324,ADBE,339,2514.47,2024-11-17
39,TDB_125866,XOM,189,2236.0,2024-01-30
40,TDB_199586,SBUX,114,1073.98,2024-12-24
41,TDB_150735,TEAM,45,327.3,2024-07-23
42,TDB_229197,TSM,500,124.7,2024-09-19
43,TDB_217158,CRM,453,436.15,2024-03-27
44,TDB_227909,TWTR,42,747.07,2024-07-16
45,TDB_218501,BAC,75,1270.98,2024-07-10
46,TDB_220863,BAC,459,529.75,2024-09-11
47,TDB_131233,BABA,271,1786.21,2024-05-05
48,TDB_210078,Z,362,2032.12,2024-08-03
49,TDB_179741,LYFT,117,1706.54,2024-03-07
50,TDB_149714,JPM,110,2543.47,2024-11-25
51,TDB_143927,BA,327,698.31,2024-11-15
52,TDB_134479,COIN,442,2935.35,2024-03-24
53,TDB_132570,FB,157,985.86,2024-09-22
54,TDB_147942,ABNB,31,1932.2,2024-03-13
55,TDB_147847,UNH,29,2142.95,2024-02-21
56,TDB_133678,BABA,333,2510.89,2024-12-06
57,TDB_220049,CRM,22,2998.32,2024-11-18
58,TDB_172223,BAC,483,1010.5,2024-05-25
59,TDB_207241,BABA,261,749.68,2024-08-25
60,TDB_141358,BAC,217,1357.85,2024-09-12
61,TDB_140524,CMCSA,450,2617.64,2024-04-06
62,TDB_156936,NFLX,49,572.7,2024-08-21
63,TDB_171046,TWTR,17,1590.5,2024-06-27
64,TDB_227754,T,315,2315.15,2024-01-19
65,TDB_160066,UNH,141,608.92,2024-01-13
66,TDB_205722,TEAM,266,235.92,2024-05-20
67,TDB_188392,HOOD,30,2026.97,2024-03-08
68,TDB_131268,MRNA,300,1824.57,2024-06-29
69,TDB_171561,VISA,62,1444.83,2024-04-05
70,TDB_208370,BABA,182,2311.54,2024-12-06
71,TDB_134912,NFLX,87,981.62,2024-09-02
72,TDB_187141,TEAM,262,1476.04,2024-05-21
73,TDB_186689,MSFT,214,258.25,2024-03-07
74,TDB_172148,VZ,293,821.76,2024-01-01
75,TDB_145590,GOOGL,367,1699.63,2024-09-06
76,TDB_214455,BABA,33,707.79,2024-03-08
77,TDB_178529,VZ,72,2168.4,2024-11-12
78,TDB_217201,ROKU,95,1521.74,2024-04-25
79,TDB_231854,FVRR,203,895.87,2024-03-25
80,TDB_232365,ORCL,249,2777.14,2024-12-27
81,TDB_155979,ORCL,269,954.21,2024-01-25
82,TDB_215504,NVCR,499,701.86,2024-05-17
83,TDB_224221,ADBE,163,1197.83,2024-02-09
84,TDB_211818,XOM,205,1358.54,2024-05-11
85,TDB_227042,MA,490,2691.82,2024-05-12
86,TDB_224364,MSFT,27,1189.12,2024-02-11
87,TDB_124529,SQ,389,320.97,2024-05-08
88,TDB_227354,DOCU,435,1563.51,2024-03-15
89,TDB_197877,FSLY,332,1535.95,2024-10-11
90,TDB_185418,NFLX,460,605.46,2024-11-09
91,TDB_170840,NVCR,45,555.97,2024-02-01
92,TDB_220246,XOM,197,1165.72,2024-06-05
93,TDB_232613,COIN,102,192.15,2024-03-21
94,TDB_182137,INTC,486,2158.03,2024-12-29
95,TDB_195763,T,112,967.32,2024-11-12
96,TDB_185704,SBUX,214,774.68,2024-09-11
97,TDB_209070,AAPL,267,1864.37,2024-07-10
98,TDB_145929,SQ,3,196.66,2024-01-08
99,TDB_129297,SQ,77,2320.18,2024-07-27
100,TDB_124251,NVCR,330,1792.02,2024-11-23
101,TDB_147742,BAC,238,648.67,2024-04-03
102,TDB_135399,VZ,124,509.59,2024-02-25
103,TDB_127479,TSM,474,2378.88,2024-03-18
104,TDB_144803,MA,148,2960.1,2024-12-12
105,TDB_179718,SNAP,318,958.87,2024-10-08
106,TDB_168035,AMZN,60,2422.64,2024-07-29
107,TDB_189344,NET,465,501.67,2024-09-26
108,TDB_136573,PLTR,472,455.53,2024-07-14
109,TDB_178728,MRNA,64,2573.81,2024-09-30
110,TDB_194090,UBER,356,1838.47,2024-05-10
111,TDB_189035,CRM,305,1846.39,2024-11-22
112,TDB_125301,WMT,193,1922.32,2024-03-07
113,TDB_124722,PFE,341,2177.85,2024-08-27
114,TDB_196184,NET,367,2035.55,2024-01-16
115,TDB_187123,MSFT,53,813.59,2024-08-15
116,TDB_222471,QCOM,365,2949.37,2024-06-21
117,TDB_141585,WMT,261,141.14,2024-11-09
118,TDB_207252,LYFT,206,1712.9,2024-10-12
119,TDB_165734,FB,210,1662.78,2024-05-10
120,TDB_231382,COIN,195,2993.66,2024-06-17
121,TDB_198809,FSLY,458,1110.36,2024-10-07
122,TDB_150654,UNH,301,1783.8,2024-11-15
123,TDB_157768,AMD,393,2311.38,2024-06-14
124,TDB_148547,VISA,3,1749.57,2024-07-15
125,TDB_209560,ABNB,146,1676.03,2024-05-02
126,TDB_205695,ADBE,6,1203.58,2024-03-25
127,TDB_213554,HOOD,441,2351.3,2024-12-04
128,TDB_143102,TWLO,481,1439.44,2024-07-13
129,TDB_155087,WBA,489,46.59,2024-08-08
130,TDB_195451,ADBE,463,1863.16,2024-11-07
131,TDB_227419,VISA,169,131.76,2024-06-07
132,TDB_212225,VISA,480,934.02,2024-12-05
133,TDB_219779,GOOGL,364,1841.77,2024-04-15
134,TDB_130230,DIS,210,34.63,2024-04-04
135,TDB_228898,AAPL,327,2405.14,2024-01-28
136,TDB_172169,MRNA,420,1138.16,2024-08-12
137,TDB_197052,ZM,428,2337.92,2024-05-04
138,TDB_143883,SBUX,448,1443.52,2024-09-27
139,TDB_176604,HOOD,108,2386.3,2024-05-08
140,TDB_201941,DIS,238,238.3,2024-05-13
141,TDB_225548,NFLX,262,2354.8,2024-02-23
142,TDB_136824,WMT,422,731.08,2024-06-05
143,TDB_200188,WMT,195,363.64,2024-02-13
144,TDB_128206,JPM,474,2127.73,2024-01-06
145,TDB_235037,UNH,22,232.93,2024-03-15
146,TDB_166976,JPM,361,84.48,2024-12-21
147,TDB_143119,TWLO,68,1512.94,2024-01-22
148,TDB_143759,BAC,427,810.33,2024-05-29
149,TDB_150286,DIS,269,1381.08,2024-03-15
150,TDB_146506,TSLA,270,750.71,2024-02-18
151,TDB_157408,ETSY,374,2858.28,2024-01-14
152,TDB_162404,AAPL,273,1436.79,2024-10-14
153,TDB_235678,BAC,129,859.67,2024-04-22
154,TDB_217394,PLTR,11,364.19,2024-12-07
155,TDB_206865,SNAP,218,1768.04,2024-01-01
156,TDB_197356,TWTR,129,1468.02,2024-02-05
157,TDB_170975,PLTR,430,629.22,2024-09-25
158,TDB_141037,XOM,462,949.93,2024-01-12
159,TDB_145937,ABNB,327,2682.95,2024-04-05
160,TDB_215746,PYPL,120,1325.85,2024-11-28
161,TDB_138653,AMZN,102,553.73,2024-03-03
162,TDB_178898,NET,476,145.82,2024-05-01
163,TDB_229597,ROKU,18,1861.26,2024-05-08
164,TDB_175908,ABNB,248,2421.75,2024-01-27
165,TDB_146075,DIS,263,2593.58,2024-06-23
166,TDB_135556,VISA,176,2068.9,2024-06-17
167,TDB_134796,FVRR,483,1228.86,2024-02-01
168,TDB_154884,SNAP,483,1313.06,2024-05-25
169,TDB_187058,HOOD,90,2391.72,2024-02-06
170,TDB_126330,ZM,57,1719.51,2024-02-09
171,TDB_125817,COIN,486,854.75,2024-12-29
172,TDB_155652,UNH,171,276.38,2024-09-07
173,TDB_235589,WBA,114,2995.35,2024-12-19
174,TDB_227589,INTC,371,999.15,2024-03-28
175,TDB_173069,AMD,468,2652.01,2024-05-13
176,TDB_179027,PFE,460,294.74,2024-05-10
177,TDB_141199,TWLO,52,1709.02,2024-10-07
178,TDB_224271,WBA,162,1811.52,2024-11-17
179,TDB_214565,INTC,89,2701.25,2024-04-25
180,TDB_233971,QCOM,84,1317.05,2024-04-28
181,TDB_140003,NET,329,1148.1,2024-12-13
182,TDB_131172,MA,69,2767.41,2024-01-04
183,TDB_123588,NFLX,37,1259.78,2024-12-26
184,TDB_167922,CRM,416,1905.77,2024-12-24
185,TDB_133544,CRM,435,1565.33,2024-05-14
186,TDB_234291,COIN,453,1094.39,2024-12-16
187,TDB_169610,GOOGL,314,871.14,2024-05-12
188,TDB_129609,SNAP,209,585.82,2024-03-04
189,TDB_226360,TSLA,51,2198.88,2024-02-21
190,TDB_233057,TWLO,200,2846.56,2024-11-19
191,TDB_221918,TSM,301,2818.48,2024-11-03
192,TDB_126499,TSLA,388,99.78,2024-12-06
193,TDB_215967,DOCU,91,555.03,2024-04-01
194,TDB_181941,XOM,345,1510.92,2024-12-07
195,TDB_229441,TEAM,278,1221.55,2024-12-23
196,TDB_184786,GOOGL,469,2492.6,2024-07-16
197,TDB_145748,Z,314,1146.87,2024-01-08
198,TDB_218920,CRM,174,952.47,2024-08-09
199,TDB_188299,DIS,310,123.73,2024-02-23
200,TDB_229866,AAPL,351,1886.01,2024-10-06
201,TDB_156614,CMCSA,267,2220.51,2024-04-25
202,TDB_232023,WMT,218,84.34,2024-04-25
203,TDB_163328,UNH,191,1953.86,2024-09-01
204,TDB_214305,ETSY,374,2497.33,2024-12-03
205,TDB_142133,PLTR,443,154.18,2024-06-28
206,TDB_203468,QCOM,130,2906.77,2024-05-12
207,TDB_225259,UNH,288,222.63,2024-10-18
208,TDB_163931,MRNA,202,228.06,2024-08-27
209,TDB_204217,WBA,268,757.5,2024-01-13
210,TDB_126147,DIS,57,966.06,2024-09-13
211,TDB_139457,TWLO,356,1564.84,2024-03-05
212,TDB_139743,AAPL,264,2601.86,2024-08-29
213,TDB_211948,NVDA,67,652.15,2024-09-14
214,TDB_201532,ORCL,320,1154.13,2024-02-28
215,TDB_129107,BIDU,62,626.66,2024-12-14
216,TDB_146162,MRNA,482,201.23,2024-02-12
217,TDB_177141,FSLY,8,2119.12,2024-08-04
218,TDB_200230,LYFT,145,77.9,2024-01-06
219,TDB_130710,AAPL,454,2447.3,2024-04-10
220,TDB_123713,SQ,18,535.94,2024-10-12
221,TDB_155515,NVDA,314,713.96,2024-08-15
222,TDB_181729,ADBE,321,1115.07,2024-05-02
223,TDB_137018,NKE,65,1617.59,2024-03-08
224,TDB_208769,FB,102,767.09,2024-08-26
225,TDB_224111,TWTR,434,1647.57,2024-01-20
226,TDB_188515,DOCU,37,991.4,2024-07-16
227,TDB_177433,RBLX,133,1791.3,2024-05-13
228,TDB_179548,HOOD,294,964.47,2024-12-17
229,TDB_173379,PYPL,366,1083.45,2024-06-15
230,TDB_148251,HOOD,81,2798.56,2024-05-07
231,TDB_217117,MSFT,174,2374.32,2024-08-20
232,TDB_176699,ADBE,441,345.03,2024-12-08
233,TDB_127571,AAPL,165,1757.16,2024-09-09
234,TDB_221398,NVDA,157,1692.7,2024-07-25
235,TDB_214326,NET,416,256.37,2024-08-22
236,TDB_150054,BABA,365,1181.79,2024-09-04
237,TDB_217760,SQ,487,2563.57,2024-08-21
238,TDB_233946,NKE,9,137.0,2024-02-26
239,TDB_194388,SHOP,124,412.23,2024-05-11
240,TDB_195637,PFE,212,2792.28,2024-07-08
241,TDB_157882,BIDU,269,2203.67,2024-04-14
242,TDB_135736,UBER,184,339.33,2024-02-09
243,TDB_156300,PLTR,414,592.0,2024-04-27
244,TDB_154564,GOOGL,483,654.96,2024-11-24
245,TDB_181550,LYFT,193,1492.17,2024-02-23
246,TDB_196882,PFE,105,1856.7,2024-08-12
247,TDB_130236,XOM,387,1977.12,2024-06-16
248,TDB_210469,NVDA,357,2770.37,2024-04-24
249,TDB_128558,SBUX,495,2722.5,2024-09-28
250,TDB_181531,TWTR,261,1070.21,2024-11-12
251,TDB_132531,NET,13,1652.52,2024-08-24
252,TDB_170521,BIDU,471,459.83,2024-09-27
253,TDB_126740,NVCR,329,1023.44,2024-04-21
254,TDB_202542,FVRR,172,2870.19,2024-09-05
255,TDB_137842,UBER,431,2738.66,2024-05-15
256,TDB_148131,AMZN,49,1236.96,2024-12-23
257,TDB_157620,NVDA,487,211.84,2024-04-13
258,TDB_167034,SNAP,177,965.37,2024-03-06
259,TDB_146484,SHOP,84,2745.52,2024-01-09
260,TDB_155694,QCOM,46,2566.32,2024-10-24
261,TDB_212559,FSLY,87,1169.91,2024-08-31
262,TDB_196266,ROKU,311,2866.63,2024-12-30
263,TDB_195190,ABNB,458,1314.04,2024-11-27
264,TDB_179496,UBER,357,551.14,2024-03-06
265,TDB_197968,MA,226,2847.47,2024-06-21
266,TDB_225180,AMD,292,1208.11,2024-11-30
267,TDB_147560,T,376,2296.33,2024-03-06
268,TDB_223199,Z,138,2436.74,2024-03-28
269,TDB_212674,NVDA,347,1123.13,2024-02-18
270,TDB_225184,PYPL,407,495.03,2024-01-19
271,TDB_213936,BAC,345,2258.93,2024-10-25
272,TDB_177497,WMT,141,427.91,2024-04-18
273,TDB_131322,TEAM,274,367.2,2024-04-07
274,TDB_163482,TEAM,196,2436.85,2024-03-28
275,TDB_155601,RBLX,130,364.19,2024-07-27
276,TDB_216932,TWLO,395,633.44,2024-03-04
277,TDB_211926,NFLX,77,1826.55,2024-08-06
278,TDB_171339,HOOD,55,58.52,2024-08-19
279,TDB_147399,VISA,150,2633.76,2024-07-18
280,TDB_184975,SBUX,143,1705.9,2024-04-19
281,TDB_156050,WBA,317,1949.19,2024-04-02
282,TDB_125914,WBA,103,1475.4,2024-04-11
283,TDB_160684,BA,74,2173.39,2024-06-06
284,TDB_128526,VISA,242,1997.15,2024-03-29
285,TDB_213395,TEAM,172,540.83,2024-02-01
286,TDB_139767,CSCO,416,2732.24,2024-06-07
287,TDB_141144,TEAM,203,1430.92,2024-05-02
288,TDB_194566,PFE,338,2900.5,2024-04-26
289,TDB_202345,FVRR,138,2849.64,2024-12-03
290,TDB_190914,AMD,404,1510.36,2024-06-02
291,TDB_192031,LYFT,487,2864.71,2024-12-24
292,TDB_231757,NFLX,275,2540.82,2024-01-02
293,TDB_213367,NVCR,484,690.11,2024-12-04
294,TDB_165382,CRM,359,661.14,2024-04-15
295,TDB_137128,RBLX,206,237.35,2024-06-27
296,TDB_205339,DIS,139,2210.38,2024-03-03
297,TDB_222690,PLTR,437,1448.77,2024-10-23
298,TDB_130126,BA,5,503.74,2024-09-18
299,TDB_188982,BA,342,653.87,2024-08-08
300,TDB_173562,MSFT,9,53.54,2024-07-11
301,TDB_232492,WBA,495,68.94,2024-10-06
302,TDB_214046,ETSY,100,285.19,2024-10-13
303,TDB_210646,NVDA,476,1405.71,2024-05-03
304,TDB_143519,VISA,297,1977.5,2024-07-17
305,TDB_162606,AMD,431,1081.63,2024-11-03
306,TDB_186694,WMT,239,1138.38,2024-01-30
307,TDB_205956,DIS,134,1446.94,2024-02-27
308,TDB_221359,SHOP,425,276.42,2024-03-09
309,TDB_195509,FB,354,919.81,2024-05-20
310,TDB_176518,VISA,71,1927.31,2024-12-18
311,TDB_188920,INTC,394,1783.18,2024-02-22
312,TDB_135288,NKE,182,1548.46,2024-01-15
313,TDB_182458,FSLY,405,1002.36,2024-11-23
314,TDB_134212,UBER,181,2884.22,2024-08-17
315,TDB_160679,WBA,263,184.41,2024-12-19
316,TDB_137771,ORCL,1,700.3,2024-08-24
317,TDB_176805,WMT,191,2618.87,2024-01-27
318,TDB_214939,BAC,100,600.28,2024-01-20
319,TDB_194928,SBUX,347,2307.54,2024-09-07
320,TDB_165972,AAPL,97,2058.39,2024-04-02
321,TDB_224251,COIN,335,1690.42,2024-03-05
322,TDB_142699,FSLY,204,1664.9,2024-09-16
323,TDB_142172,TWTR,246,1900.56,2024-08-06
324,TDB_129496,CSCO,317,2188.65,2024-11-15
325,TDB_151747,COIN,451,1558.39,2024-10-30
326,TDB_171868,VZ,258,2229.74,2024-02-29
327,TDB_142110,VISA,481,2071.6,2024-03-07
328,TDB_167317,DIS,419,1981.33,2024-11-19
329,TDB_158922,SQ,131,1782.19,2024-07-13
330,TDB_164617,TEAM,134,1931.45,2024-12-14
331,TDB_126949,UNH,275,1531.83,2024-11-03
332,TDB_153246,PFE,152,1301.83,2024-07-29
333,TDB_189212,CMCSA,299,1280.81,2024-11-06
334,TDB_221189,BA,339,545.69,2024-08-21
335,TDB_195200,PFE,403,288.31,2024-01-11
336,TDB_230294,CRM,81,668.5,2024-06-01
337,TDB_161198,TSM,453,2980.46,2024-01-21
338,TDB_231183,BABA,48,1160.27,2024-11-07
339,TDB_201869,ROKU,318,1851.53,2024-02-14
340,TDB_165013,XOM,174,2944.99,2024-09-22
341,TDB_133389,BAC,129,1682.4,2024-12-28
342,TDB_140082,MRNA,354,1272.54,2024-02-06
343,TDB_202788,Z,417,380.65,2024-02-11
344,TDB_208880,ROKU,411,2330.98,2024-03-02
345,TDB_166736,BAC,285,971.84,2024-03-17
346,TDB_201043,NET,132,275.32,2024-02-05
347,TDB_209810,BIDU,490,786.81,2024-10-20
348,TDB_152630,SBUX,491,1926.66,2024-09-17
349,TDB_159494,ABNB,342,2252.64,2024-03-23
350,TDB_152465,AMD,54,2222.64,2024-04-17
351,TDB_163244,FSLY,36,2118.57,2024-03-19
352,TDB_218389,CMCSA,289,2282.89,2024-07-21
353,TDB_189018,WMT,129,1484.62,2024-12-28
354,TDB_187368,NKE,186,1576.89,2024-12-15
355,TDB_223932,PYPL,104,2868.9,2024-11-06
356,TDB_140954,FSLY,101,215.5,2024-09-05
357,TDB_158916,VZ,345,98.76,2024-03-01
358,TDB_131486,PFE,262,564.05,2024-08-05
359,TDB_173648,ORCL,213,1892.87,2024-12-15
360,TDB_174734,TWLO,346,1581.28,2024-02-28
361,TDB_235596,ROKU,68,2994.31,2024-11-01
362,TDB_187774,SHOP,457,736.74,2024-02-27
363,TDB_212753,CMCSA,312,1717.5,2024-04-25
364,TDB_212471,PYPL,210,2333.94,2024-04-28
365,TDB_229634,ABNB,500,54.68,2024-12-08
366,TDB_171530,ZM,359,439.05,2024-02-20
367,TDB_166868,TSLA,316,1690.44,2024-01-22
368,TDB_132411,MSFT,156,2072.48,2024-07-04
369,TDB_173311,BAC,53,360.12,2024-12-19
370,TDB_221071,SQ,459,2112.48,2024-06-22
371,TDB_170449,FSLY,306,1426.17,2024-03-12
372,TDB_124003,UNH,212,2061.73,2024-04-25
373,TDB_217851,GOOGL,248,2645.95,2024-12-17
374,TDB_197613,DOCU,356,742.02,2024-04-29
375,TDB_188038,SPOT,445,2923.38,2024-06-06
376,TDB_182104,UNH,201,83.93,2024-12-12
377,TDB_200919,PFE,444,2680.32,2024-03-25
378,TDB_146656,SBUX,355,1061.12,2024-08-19
379,TDB_162348,TWLO,297,1389.73,2024-10-12
380,TDB_142996,AAPL,253,2173.86,2024-01-02
381,TDB_142715,AAPL,242,552.56,2024-01-25
382,TDB_184140,PLTR,34,11.75,2024-09-17
383,TDB_236341,FSLY,469,1546.53,2024-12-14
384,TDB_230014,ORCL,1,1319.89,2024-01-17
385,TDB_211337,CMCSA,318,430.66,2024-08-13
386,TDB_143169,DOCU,266,1088.9,2024-08-10
387,TDB_235778,TWTR,302,389.14,2024-04-19
388,TDB_221887,COIN,76,585.37,2024-09-19
389,TDB_193791,TWLO,190,1448.02,2024-04-25
390,TDB_220467,XOM,283,2135.56,2024-04-17
391,TDB_221084,ETSY,305,1895.57,2024-11-29
392,TDB_135533,XOM,262,473.59,2024-01-05
393,TDB_201010,NFLX,442,2042.73,2024-09-22
394,TDB_136109,PFE,272,2064.92,2024-06-15
395,TDB_188133,MRNA,348,1464.72,2024-09-02
396,TDB_175578,SHOP,1,234.12,2024-06-27
397,TDB_234424,COIN,376,905.85,2024-03-31
398,TDB_210288,NET,462,1320.59,2024-03-16
399,TDB_169690,WBA,45,496.17,2024-09-23
400,TDB_171314,MRNA,366,668.46,2024-03-19
401,TDB_142582,CRM,288,1961.67,2024-07-21
402,TDB_217529,UBER,386,2562.32,2024-11-16
403,TDB_202514,BA,125,1663.96,2024-10-19
404,TDB_224216,CRM,156,2818.9,2024-09-25
405,TDB_164739,FVRR,371,1672.28,2024-06-23
406,TDB_200323,ORCL,101,1260.32,2024-11-13
407,TDB_169138,ADBE,74,2291.05,2024-06-13
408,TDB_135830,JPM,127,1266.0,2024-04-17
409,TDB_196693,SHOP,484,1078.54,2024-10-21
410,TDB_193556,NFLX,425,28.53,2024-09-30
411,TDB_153694,CRM,475,700.01,2024-06-27
412,TDB_140316,NKE,120,1685.54,2024-09-16
413,TDB_215486,ADBE,228,2707.65,2024-03-22
414,TDB_235065,UNH,348,464.89,2024-03-08
415,TDB_158830,ROKU,75,2996.29,2024-01-02
416,TDB_210505,BAC,434,1827.53,2024-10-27
417,TDB_185064,XOM,200,2696.76,2024-06-24
418,TDB_158696,ZM,388,1898.4,2024-10-05
419,TDB_147087,QCOM,116,1114.08,2024-02-17
420,TDB_224695,SNAP,250,1733.27,2024-12-01
421,TDB_141325,NET,33,613.97,2024-09-22
422,TDB_201329,UNH,192,1369.64,2024-11-12
423,TDB_144062,TSLA,173,373.86,2024-05-27
424,TDB_225360,CRM,296,2740.88,2024-10-13
425,TDB_217074,JPM,92,2493.72,2024-07-07
426,TDB_179512,BAC,274,2099.09,2024-01-09
427,TDB_178877,BAC,192,2372.36,2024-02-26
428,TDB_214361,SHOP,245,2707.94,2024-08-28
429,TDB_218930,ETSY,114,113.95,2024-04-03
430,TDB_188678,TWTR,261,295.37,2024-03-30
431,TDB_139529,ROKU,47,15.36,2024-09-14
432,TDB_200492,SHOP,113,1303.39,2024-06-18
433,TDB_214558,PFE,106,1531.39,2024-12-20
434,TDB_154452,ORCL,132,228.69,2024-12-18
435,TDB_136964,SHOP,337,2183.51,2024-04-24
436,TDB_193497,QCOM,125,1345.73,2024-09-23
437,TDB_192138,ORCL,107,1567.69,2024-02-22
438,TDB_230446,PFE,19,1798.86,2024-06-10
439,TDB_129514,JPM,359,609.95,2024-02-19
440,TDB_214822,ADBE,388,270.21,2024-09-24
441,TDB_198913,TWLO,87,1110.63,2024-03-11
442,TDB_155024,ROKU,32,2615.81,2024-01-18
443,TDB_142584,MSFT,116,1767.01,2024-11-11
444,TDB_221734,BA,492,2188.11,2024-07-11
445,TDB_219386,VISA,137,2801.92,2024-11-27
446,TDB_227000,PYPL,355,1367.76,2024-10-27
447,TDB_124988,TWTR,201,1467.56,2024-02-01
448,TDB_168180,QCOM,193,1519.25,2024-08-27
449,TDB_228444,DIS,259,2468.16,2024-07-27
450,TDB_156339,WMT,169,2429.99,2024-10-02
451,TDB_153797,LYFT,393,2655.4,2024-01-11
452,TDB_197943,WMT,424,834.79,2024-07-18
453,TDB_129518,WMT,22,1802.12,2024-11-18
454,TDB_160293,AAPL,232,1085.34,2024-01-26
455,TDB_208030,T,15,1462.05,2024-01-02
456,TDB_193440,ROKU,6,2781.15,2024-05-11
457,TDB_195822,DIS,394,1441.35,2024-11-10
458,TDB_208326,CRM,399,2724.1,2024-06-01
459,TDB_174530,LYFT,48,531.76,2024-12-23
460,TDB_186212,HOOD,358,977.14,2024-06-01
461,TDB_167021,MRNA,432,176.43,2024-12-20
462,TDB_143273,BAC,130,1694.11,2024-05-22
463,TDB_189183,T,355,275.99,2024-04-10
464,TDB_232724,AMZN,23,80.68,2024-07-15
465,TDB_130694,FB,396,900.55,2024-05-17
466,TDB_235081,RBLX,382,1785.18,2024-05-10
467,TDB_209385,NVCR,384,2708.86,2024-04-04
468,TDB_229008,ETSY,410,2068.74,2024-01-22
469,TDB_211319,FVRR,9,2878.91,2024-06-05
470,TDB_174919,CSCO,231,560.3,2024-02-18
471,TDB_213575,SPOT,90,2970.91,2024-08-26
472,TDB_226379,TSM,228,1831.04,2024-01-21
473,TDB_193133,SQ,273,1388.38,2024-02-12
474,TDB_236181,T,94,2802.43,2024-03-16
475,TDB_226798,TWLO,469,2897.76,2024-06-18
476,TDB_222508,VISA,451,310.0,2024-04-15
477,TDB_165347,T,10,1883.0,2024-11-26
478,TDB_234416,ORCL,139,484.51,2024-10-08
479,TDB_124637,VZ,362,2441.12,2024-12-23
480,TDB_202147,BA,67,1055.56,2024-04-28
481,TDB_181025,CRM,376,1700.72,2024-10-01
482,TDB_167395,ABNB,36,2815.69,2024-11-10
483,TDB_192873,DIS,353,2234.04,2024-06-13
484,TDB_169197,ZM,20,2602.15,2024-01-17
485,TDB_148844,PYPL,210,392.55,2024-12-04
486,TDB_125107,VISA,348,543.1,2024-08-18
487,TDB_136434,COIN,290,842.83,2024-09-05
488,TDB_207838,ABNB,447,1615.86,2024-11-28
489,TDB_210227,TEAM,489,840.61,2024-04-09
490,TDB_224997,BABA,27,1616.07,2024-07-31
491,TDB_209436,BA,266,1862.97,2024-01-25
492,TDB_234171,TEAM,406,1972.49,2024-08-26
493,TDB_156527,RBLX,429,2044.21,2024-05-25
494,TDB_188067,VZ,258,859.51,2024-03-30
495,TDB_144871,CRM,15,2281.62,2024-03-05
496,TDB_132981,SPOT,243,903.0,2024-06-24
497,TDB_144776,SNAP,286,2957.02,2024-03-01
498,TDB_234015,SNAP,491,1938.67,2024-11-20
499,TDB_140076,TWTR,369,2574.48,2024-06-05
500,TDB_144287,SHOP,6,441.46,2024-01-21
501,TDB_203650,AMD,223,2494.11,2024-03-03
502,TDB_168140,COIN,230,865.7,2024-10-27
503,TDB_151297,FB,480,2085.79,2024-01-29
504,TDB_210190,PYPL,112,744.98,2024-09-20
505,TDB_216541,TEAM,351,1405.62,2024-08-22
506,TDB_145953,DIS,267,1069.34,2024-01-07
507,TDB_210703,SHOP,296,1535.58,2024-04-01
508,TDB_137554,RBLX,123,2654.96,2024-11-25
509,TDB_195055,TWLO,439,1363.17,2024-09-09
510,TDB_139013,RBLX,403,1107.15,2024-01-19
511,TDB_209384,UBER,198,1034.01,2024-05-01
512,TDB_149183,NVDA,173,1417.25,2024-07-27
513,TDB_176404,DIS,245,2956.56,2024-10-10
514,TDB_219095,NFLX,66,1782.85,2024-11-11
515,TDB_163335,FVRR,40,685.25,2024-01-05
516,TDB_213164,BA,256,1007.57,2024-12-15
517,TDB_174547,MRNA,260,1608.91,2024-03-05
518,TDB_191378,WMT,219,1098.41,2024-08-20
519,TDB_124977,INTC,80,2246.33,2024-02-06
520,TDB_149223,NKE,213,2152.68,2024-04-14
521,TDB_178160,TEAM,107,1607.06,2024-09-20
522,TDB_205960,ETSY,109,1162.91,2024-10-31
523,TDB_208110,MSFT,489,2295.21,2024-05-01
524,TDB_164431,ETSY,179,1993.18,2024-05-05
525,TDB_157670,NFLX,354,1518.71,2024-06-25
526,TDB_158131,VISA,443,441.68,2024-03-09
527,TDB_202385,BIDU,287,2272.38,2024-06-09
528,TDB_146949,SHOP,17,680.98,2024-03-16
529,TDB_199028,ZM,152,2600.95,2024-08-14
530,TDB_211928,ETSY,237,1700.44,2024-07-13
531,TDB_179940,DIS,468,2360.09,2024-04-09
532,TDB_161885,TWLO,281,1939.2,2024-07-08
533,TDB_212157,XOM,482,2508.83,2024-09-04
534,TDB_195799,VISA,444,940.98,2024-03-19
535,TDB_133566,SPOT,156,2970.87,2024-11-29
536,TDB_194042,COIN,170,2969.64,2024-02-19
537,TDB_177474,NKE,40,1516.41,2024-04-04
538,TDB_130635,NET,374,1901.92,2024-02-06
539,TDB_123649,BAC,353,73.23,2024-01-02
540,TDB_231515,TWLO,106,1508.32,2024-11-04
541,TDB_168542,PFE,291,524.03,2024-09-22
542,TDB_224295,NET,316,95.75,2024-08-28
543,TDB_123627,TWLO,299,276.84,2024-05-29
544,TDB_126553,WBA,254,1519.9,2024-07-21
545,TDB_127151,HOOD,238,2938.55,2024-07-12
546,TDB_126519,SQ,451,2387.51,2024-03-22
547,TDB_176800,FB,188,2848.04,2024-02-18
548,TDB_144349,SHOP,244,2613.39,2024-12-26
549,TDB_216420,RBLX,260,919.65,2024-05-06
550,TDB_171179,SBUX,382,1093.69,2024-12-25
551,TDB_232600,AAPL,479,700.85,2024-05-08
552,TDB_199292,BIDU,455,2632.56,2024-06-19
553,TDB_201180,SNAP,351,1278.44,2024-07-01
554,TDB_137591,PYPL,45,1609.42,2024-08-19
555,TDB_197592,FVRR,478,1942.44,2024-09-17
556,TDB_215815,NKE,102,160.67,2024-09-11
557,TDB_217739,DOCU,315,2322.11,2024-04-01
558,TDB_167361,UBER,429,1472.63,2024-12-04
559,TDB_215039,MSFT,455,468.56,2024-04-28
560,TDB_164869,VZ,232,1703.94,2024-11-14
561,TDB_150273,TWLO,177,2177.84,2024-02-25
562,TDB_219023,NKE,100,2972.91,2024-02-03
563,TDB_159244,UNH,24,521.35,2024-12-11
564,TDB_157843,CSCO,410,1070.92,2024-04-25
565,TDB_189508,SBUX,397,1846.42,2024-01-02
566,TDB_166078,MA,192,376.24,2024-04-29
567,TDB_126235,FB,307,433.48,2024-01-21
568,TDB_190693,RBLX,206,224.12,2024-11-08
569,TDB_145548,SQ,155,1735.32,2024-03-01
570,TDB_184729,UNH,439,16.95,2024-04-16
571,TDB_140499,ABNB,76,1854.57,2024-05-03
572,TDB_124282,VZ,185,630.25,2024-04-04
573,TDB_178517,TEAM,403,1669.85,2024-10-07
574,TDB_129888,NFLX,474,2887.39,2024-02-25
575,TDB_209624,BIDU,301,165.6,2024-10-25
576,TDB_157045,FVRR,357,627.25,2024-02-05
577,TDB_192721,AAPL,317,43.27,2024-01-13
578,TDB_130085,TEAM,114,353.34,2024-10-21
579,TDB_208277,MA,332,994.55,2024-02-07
580,TDB_146626,WMT,200,2007.55,2024-03-03
581,TDB_125897,UNH,41,892.52,2024-04-08
582,TDB_180189,VISA,438,384.84,2024-10-11
583,TDB_195104,CSCO,14,722.21,2024-01-13
584,TDB_201983,CRM,317,171.93,2024-03-14
585,TDB_204665,QCOM,402,1170.51,2024-05-17
586,TDB_137439,DOCU,148,941.52,2024-07-31
587,TDB_149733,MSFT,349,904.43,2024-09-12
588,TDB_183206,TEAM,409,733.9,2024-11-29
589,TDB_227673,T,64,1379.45,2024-01-24
590,TDB_167949,SPOT,43,924.35,2024-08-27
591,TDB_162873,T,294,1399.43,2024-12-21
592,TDB_137389,SHOP,131,1696.31,2024-03-03
593,TDB_192511,T,218,126.86,2024-12-21
594,TDB_208879,INTC,497,86.96,2024-10-30
595,TDB_155634,RBLX,125,2376.71,2024-12-27
596,TDB_157868,CRM,500,2678.64,2024-01-13
597,TDB_185080,COIN,247,492.73,2024-01-29
598,TDB_138057,PFE,293,1833.56,2024-02-17
599,TDB_144547,NVDA,284,1992.72,2024-01-16
600,TDB_195441,NKE,233,2184.61,2024-09-23
601,TDB_202306,AMD,245,103.98,2024-03-28
602,TDB_203424,CRM,79,2172.35,2024-11-03
603,TDB_184175,TEAM,480,1864.67,2024-10-23
604,TDB_169293,HOOD,447,2179.15,2024-08-16
605,TDB_195944,WMT,397,889.85,2024-05-26
606,TDB_134493,HOOD,454,1938.96,2024-10-22
607,TDB_222077,NFLX,456,681.88,2024-01-31
608,TDB_213481,NVDA,50,794.86,2024-05-27
609,TDB_128294,BIDU,338,972.72,2024-12-25
610,TDB_224825,PLTR,372,200.37,2024-03-22
611,TDB_207247,DOCU,82,296.28,2024-10-05
612,TDB_137764,PYPL,408,1708.43,2024-03-14
613,TDB_206100,CSCO,46,2190.08,2024-04-02
614,TDB_202045,WBA,59,1176.3,2024-11-21
615,TDB_212080,NKE,135,363.32,2024-10-04
616,TDB_147979,SBUX,332,1731.42,2024-10-01
617,TDB_216140,ETSY,276,1763.44,2024-10-13
618,TDB_153910,PLTR,199,2728.75,2024-01-04
619,TDB_159874,CRM,458,2950.53,2024-01-01
620,TDB_160213,SHOP,16,1650.83,2024-03-20
621,TDB_213315,SNAP,83,2074.92,2024-10-07
622,TDB_127580,UNH,64,1738.59,2024-03-10
623,TDB_164299,WMT,157,28.15,2024-09-01
624,TDB_187339,LYFT,219,1434.47,2024-09-24
625,TDB_195417,ADBE,327,2376.25,2024-11-17
626,TDB_174626,TWTR,89,1825.21,2024-05-19
627,TDB_173676,BAC,147,1545.44,2024-09-03
628,TDB_154588,SQ,276,824.74,2024-10-01
629,TDB_204364,SBUX,233,1466.44,2024-11-25
630,TDB_157978,TSLA,222,1571.9,2024-02-03
631,TDB_219160,ETSY,129,34.86,2024-08-03
632,TDB_179734,ZM,457,127.49,2024-06-18
633,TDB_182561,CMCSA,36,645.73,2024-07-16
634,TDB_205515,BIDU,335,1636.85,2024-09-23
635,TDB_215533,T,268,66.71,2024-10-10
636,TDB_214434,VISA,95,2233.38,2024-02-23
637,TDB_225089,COIN,160,796.37,2024-07-10
638,TDB_220342,RBLX,35,1961.06,2024-01-19
639,TDB_188968,TWLO,375,2743.51,2024-05-12
640,TDB_223158,DOCU,158,247.75,2024-06-07
641,TDB_232160,NVDA,329,1985.13,2024-10-06
642,TDB_222614,LYFT,380,267.71,2024-11-25
643,TDB_168633,VZ,493,1256.26,2024-11-19
644,TDB_199787,PYPL,116,655.46,2024-09-17
645,TDB_215549,ABNB,69,2087.56,2024-04-02
646,TDB_211417,BA,226,900.54,2024-06-14
647,TDB_198339,BIDU,384,404.43,2024-07-23
648,TDB_191425,NVCR,208,1546.62,2024-10-13
649,TDB_157636,ORCL,22,1156.53,2024-11-25
650,TDB_173724,ROKU,219,432.3,2024-06-22
651,TDB_223681,HOOD,226,2283.81,2024-09-07
652,TDB_128995,ADBE,140,1904.08,2024-12-30
653,TDB_184041,AAPL,134,797.64,2024-03-20
654,TDB_162817,TSM,77,1279.5,2024-07-19
655,TDB_228453,SHOP,284,1744.03,2024-04-12
656,TDB_222986,SQ,130,2189.16,2024-02-20
657,TDB_147943,CSCO,89,1036.99,2024-01-17
658,TDB_163045,DOCU,119,340.87,2024-01-17
659,TDB_214102,JPM,23,1288.8,2024-06-25
660,TDB_224010,AAPL,36,1683.88,2024-03-11
661,TDB_159069,TWTR,17,1332.14,2024-07-04
662,TDB_216596,FVRR,467,2520.54,2024-03-17
663,TDB_224767,SNAP,155,1018.62,2024-06-11
664,TDB_163222,VZ,353,2864.46,2024-12-29
665,TDB_156776,QCOM,439,2639.07,2024-04-22
666,TDB_227033,NKE,113,667.72,2024-05-07
667,TDB_158297,NET,144,1231.07,2024-08-29
668,TDB_124301,GOOGL,153,1780.67,2024-06-23
669,TDB_157204,TWTR,288,1440.97,2024-04-29
670,TDB_125768,COIN,139,1708.71,2024-09-25
671,TDB_146434,MA,421,2284.26,2024-07-07
672,TDB_215277,NET,114,151.71,2024-12-02
673,TDB_155023,NKE,200,182.65,2024-12-17
674,TDB_138462,MRNA,114,2421.57,2024-11-30
675,TDB_156219,ABNB,340,542.8,2024-05-04
676,TDB_131654,UNH,180,2864.77,2024-03-14
677,TDB_133514,ROKU,341,2358.25,2024-02-28
678,TDB_227716,BIDU,274,2405.89,2024-07-10
679,TDB_188358,VZ,295,1371.51,2024-09-06
680,TDB_231502,BIDU,437,1210.14,2024-06-07
681,TDB_147636,GOOGL,254,1594.33,2024-09-05
682,TDB_212305,BAC,453,1039.01,2024-03-26
683,TDB_224171,ETSY,443,1509.61,2024-10-21
684,TDB_143595,COIN,139,1263.22,2024-12-09
685,TDB_210257,PYPL,372,2517.55,2024-02-13
686,TDB_134139,CMCSA,263,247.74,2024-07-07
687,TDB_192686,PYPL,496,354.33,2024-04-20
688,TDB_145118,XOM,489,2541.41,2024-12-27
689,TDB_187908,NVDA,115,289.96,2024-09-10
690,TDB_158932,PLTR,299,334.44,2024-05-12
691,TDB_128552,CRM,190,290.05,2024-04-13
692,TDB_190134,BABA,298,1272.34,2024-11-15
693,TDB_138284,NET,371,2239.52,2024-01-24
694,TDB_128803,AAPL,238,249.37,2024-01-16
695,TDB_124670,AMD,270,381.68,2024-02-02
696,TDB_236577,CSCO,55,1154.29,2024-07-09
697,TDB_235008,NVCR,438,251.3,2024-02-05
698,TDB_234501,MA,140,261.83,2024-03-10
699,TDB_190597,XOM,176,765.38,2024-03-10
700,TDB_211653,TSLA,54,2252.25,2024-08-02
701,TDB_197718,BAC,437,420.51,2024-02-18
702,TDB_185313,SQ,222,1628.78,2024-12-11
703,TDB_159166,AAPL,60,596.76,2024-02-22
704,TDB_219100,ROKU,175,2593.34,2024-10-02
705,TDB_190981,SQ,292,1411.33,2024-09-12
706,TDB_145604,ETSY,360,2794.39,2024-02-22
707,TDB_130604,WBA,133,256.16,2024-02-24
708,TDB_138517,SNAP,92,956.92,2024-11-23
709,TDB_233489,DOCU,451,2197.97,2024-03-06
710,TDB_147757,UBER,109,912.85,2024-06-09
711,TDB_162869,CSCO,399,1805.47,2024-07-06
712,TDB_183335,BABA,23,2016.68,2024-10-23
713,TDB_130089,SPOT,291,2506.89,2024-09-11
714,TDB_230608,BABA,56,2720.52,2024-02-06
715,TDB_169892,VZ,384,1515.38,2024-10-22
716,TDB_187078,WMT,390,35.11,2024-10-04
717,TDB_136397,HOOD,103,668.18,2024-10-19
718,TDB_154640,XOM,434,1034.31,2024-06-23
719,TDB_224314,SQ,126,2155.51,2024-06-17
720,TDB_223068,CMCSA,120,2686.26,2024-11-15
721,TDB_163249,TSLA,170,2380.58,2024-09-15
722,TDB_211123,ABNB,179,2242.91,2024-07-03
723,TDB_165519,FB,426,1825.73,2024-10-26
724,TDB_136502,BIDU,154,1719.66,2024-12-23
725,TDB_127851,QCOM,59,941.32,2024-05-11
726,TDB_160931,AAPL,312,601.01,2024-01-18
727,TDB_212027,CSCO,480,1016.22,2024-07-29
728,TDB_198290,SBUX,454,2761.13,2024-08-12
729,TDB_183466,ORCL,132,1134.92,2024-08-18
730,TDB_151781,AMZN,343,1136.78,2024-05-11
731,TDB_127826,TWLO,250,210.12,2024-10-10
732,TDB_202653,SBUX,77,326.19,2024-03-27
733,TDB_142862,TWTR,101,1085.95,2024-02-20
734,TDB_233839,LYFT,231,52.76,2024-05-17
735,TDB_182022,NVDA,133,897.66,2024-01-11
736,TDB_226802,ORCL,418,1490.19,2024-02-15
737,TDB_152951,BABA,421,1191.59,2024-11-06
738,TDB_155653,TEAM,335,1943.4,2024-11-19
739,TDB_153294,QCOM,351,2652.57,2024-05-25
740,TDB_142310,WMT,346,502.3,2024-12-19
741,TDB_212690,NVDA,426,1028.27,2024-12-22
742,TDB_131279,SBUX,157,2245.49,2024-03-07
743,TDB_226143,BIDU,211,864.41,2024-12-27
744,TDB_204720,FSLY,298,18.33,2024-01-10
745,TDB_138320,PFE,404,2681.48,2024-09-30
746,TDB_180986,QCOM,425,2183.03,2024-06-16
747,TDB_236187,UBER,483,2348.47,2024-10-15
748,TDB_199701,TEAM,435,238.43,2024-03-13
749,TDB_235164,PYPL,498,1715.18,2024-03-23
750,TDB_168069,HOOD,204,846.06,2024-11-11
751,TDB_202951,Z,408,2812.12,2024-05-19
752,TDB_209864,INTC,15,607.13,2024-05-12
753,TDB_128823,JPM,282,547.04,2024-09-09
754,TDB_219873,BAC,105,1603.0,2024-06-23
755,TDB_188371,SPOT,77,2691.59,2024-07-30
756,TDB_130160,NKE,259,1351.12,2024-01-18
757,TDB_215820,WMT,48,2149.93,2024-10-03
758,TDB_128185,SPOT,410,1019.12,2024-08-16
759,TDB_166754,AAPL,275,2362.08,2024-04-14
760,TDB_149455,VISA,173,2207.48,2024-03-10
761,TDB_213297,SHOP,86,180.13,2024-07-09
762,TDB_209805,Z,346,1861.91,2024-02-12
763,TDB_156183,UNH,32,2979.5,2024-12-16
764,TDB_180457,VISA,182,2773.82,2024-10-23
765,TDB_135303,AMD,122,783.34,2024-11-06
766,TDB_183462,SNAP,168,1286.28,2024-10-10
767,TDB_131855,ZM,35,2804.09,2024-03-26
768,TDB_229693,GOOGL,136,1203.61,2024-01-25
769,TDB_135040,SPOT,109,2969.41,2024-04-01
770,TDB_158711,BAC,351,2775.84,2024-05-06
771,TDB_168521,UBER,221,1957.96,2024-09-22
772,TDB_214409,TWLO,415,1181.74,2024-02-25
773,TDB_203730,NKE,430,2818.05,2024-09-15
774,TDB_220538,SHOP,99,1739.52,2024-12-21
775,TDB_232597,VISA,67,1172.66,2024-05-05
776,TDB_232934,PFE,380,1323.04,2024-11-03
777,TDB_202525,MRNA,147,747.31,2024-04-07
778,TDB_218021,AAPL,88,1041.33,2024-05-23
779,TDB_171471,FVRR,331,139.34,2024-07-25
780,TDB_156042,TSM,281,2792.55,2024-04-14
781,TDB_137752,AMZN,45,463.79,2024-01-06
782,TDB_182287,MSFT,370,2193.4,2024-03-06
783,TDB_208036,SHOP,231,2142.0,2024-06-07
784,TDB_163079,VZ,221,1950.16,2024-11-10
785,TDB_135974,TWTR,410,646.58,2024-11-26
786,TDB_195799,QCOM,124,305.02,2024-05-25
787,TDB_197993,LYFT,463,270.11,2024-07-09
788,TDB_136206,BA,135,2453.28,2024-09-19
789,TDB_132499,ADBE,197,2990.02,2024-04-17
790,TDB_217789,FSLY,121,1745.05,2024-04-29
791,TDB_147513,TEAM,458,1975.36,2024-10-17
792,TDB_188946,UNH,310,1552.91,2024-11-14
793,TDB_125820,TEAM,144,1819.97,2024-10-24
794,TDB_185679,FB,190,254.1,2024-05-12
795,TDB_169774,WBA,295,2512.58,2024-03-06
796,TDB_149599,NVDA,115,1150.35,2024-09-15
797,TDB_189706,UNH,421,363.26,2024-07-04
798,TDB_151548,WBA,117,959.49,2024-04-15
799,TDB_228794,ORCL,366,1515.27,2024-05-04
800,TDB_153582,PLTR,428,1710.5,2024-06-23
801,TDB_218071,ETSY,174,2217.19,2024-03-08
802,TDB_226966,BABA,114,2633.02,2024-09-25
803,TDB_145372,DIS,374,371.2,2024-08-17
804,TDB_225193,SHOP,115,1751.64,2024-01-05
805,TDB_165900,MRNA,1,827.12,2024-04-16
806,TDB_220290,UNH,271,139.9,2024-07-15
807,TDB_134931,TWLO,355,1801.05,2024-01-09
808,TDB_222476,BIDU,377,2476.18,2024-08-11
809,TDB_211042,TEAM,205,2139.29,2024-12-20
810,TDB_206912,BIDU,493,1302.73,2024-01-28
811,TDB_147628,ROKU,6,2826.19,2024-06-08
812,TDB_180395,ABNB,394,2842.73,2024-06-14
813,TDB_159625,INTC,191,2522.34,2024-12-11
814,TDB_203669,MA,279,1690.09,2024-05-14
815,TDB_232658,FB,65,504.55,2024-10-19
816,TDB_155971,SHOP,273,778.34,2024-02-03
817,TDB_149232,RBLX,428,981.43,2024-08-08
818,TDB_157091,TWLO,339,2070.5,2024-08-24
819,TDB_190110,ADBE,315,1260.44,2024-06-21
820,TDB_217372,SHOP,52,1012.08,2024-04-20
821,TDB_183881,AMZN,38,908.68,2024-10-22
822,TDB_208756,DIS,293,2049.57,2024-04-11
823,TDB_169942,LYFT,33,2742.45,2024-04-22
824,TDB_199967,TWLO,267,735.93,2024-09-26
825,TDB_137411,RBLX,24,967.29,2024-12-21
826,TDB_166506,CRM,271,1245.64,2024-10-16
827,TDB_155241,ETSY,88,347.92,2024-12-02
828,TDB_179454,AMD,429,2080.29,2024-10-11
829,TDB_152090,AAPL,232,2028.52,2024-10-19
830,TDB_146893,ZM,20,2974.86,2024-08-19
831,TDB_201150,INTC,95,2044.98,2024-01-19
832,TDB_233317,LYFT,478,960.62,2024-08-24
833,TDB_233986,NET,370,1641.16,2024-01-26
834,TDB_164635,PLTR,478,811.23,2024-04-01
835,TDB_219115,ABNB,66,1244.87,2024-11-29
836,TDB_213732,DIS,286,1967.41,2024-06-01
837,TDB_206651,VZ,29,2764.19,2024-02-27
838,TDB_186593,DOCU,62,2993.2,2024-09-12
839,TDB_127424,MSFT,288,1456.01,2024-09-16
840,TDB_149085,ROKU,160,41.17,2024-04-04
841,TDB_145771,NET,489,2978.49,2024-06-26
842,TDB_159872,TWLO,106,2179.08,2024-06-18
843,TDB_147018,NVCR,43,1973.41,2024-03-24
844,TDB_236326,UNH,464,2816.4,2024-09-02
845,TDB_137586,FB,45,1991.28,2024-09-28
846,TDB_148707,FSLY,138,10.24,2024-04-27
847,TDB_195639,AMD,464,1866.73,2024-10-02
848,TDB_183875,TEAM,16,252.19,2024-04-27
849,TDB_229435,CRM,95,1570.96,2024-10-01
850,TDB_190970,FSLY,437,2328.95,2024-08-28
851,TDB_203520,JPM,123,1487.03,2024-04-06
852,TDB_213799,FVRR,439,2667.41,2024-07-31
853,TDB_206504,MRNA,375,599.09,2024-11-12
854,TDB_228261,TSLA,108,1011.83,2024-03-15
855,TDB_163126,COIN,316,851.75,2024-06-25
856,TDB_160601,ORCL,276,1975.24,2024-07-10
857,TDB_137530,NET,333,641.72,2024-02-26
858,TDB_225639,DOCU,201,1386.01,2024-06-10
859,TDB_230797,ZM,379,2638.57,2024-01-27
860,TDB_232422,TSM,27,2286.36,2024-12-28
861,TDB_130323,WBA,138,2500.71,2024-06-08
862,TDB_223096,BIDU,388,677.29,2024-06-10
863,TDB_166201,MRNA,1,29.43,2024-12-22
864,TDB_229185,NKE,361,2555.33,2024-05-02
865,TDB_187505,AAPL,194,2507.2,2024-08-05
866,TDB_213127,Z,205,756.97,2024-09-02
867,TDB_176871,AMZN,85,920.04,2024-07-25
868,TDB_163224,BIDU,400,362.79,2024-01-31
869,TDB_217516,SBUX,3,367.79,2024-09-03
870,TDB_231438,NFLX,64,1945.59,2024-10-20
871,TDB_169088,TEAM,37,2872.69,2024-03-21
872,TDB_153629,JPM,480,2656.03,2024-05-19
873,TDB_219646,WBA,500,1491.73,2024-02-21
874,TDB_183429,Z,50,1799.76,2024-02-06
875,TDB_188362,T,22,1207.07,2024-08-16
876,TDB_164045,FB,344,2507.35,2024-10-06
877,TDB_204504,VISA,448,1580.05,2024-01-29
878,TDB_215742,CSCO,238,1008.63,2024-05-28
879,TDB_167768,MRNA,78,2085.72,2024-01-05
880,TDB_161061,RBLX,45,221.92,2024-11-15
881,TDB_169003,NET,236,774.92,2024-05-02
882,TDB_180494,LYFT,349,1199.47,2024-06-16
883,TDB_124748,SQ,18,71.5,2024-05-11
884,TDB_187804,AMZN,28,2633.48,2024-01-16
885,TDB_131695,CRM,170,2158.2,2024-09-04
886,TDB_235678,TEAM,38,2278.38,2024-08-05
887,TDB_176715,ROKU,235,550.16,2024-10-12
888,TDB_219785,NVCR,91,1143.19,2024-02-20
889,TDB_151559,TWLO,421,2785.94,2024-03-06
890,TDB_149251,ABNB,63,2703.16,2024-11-07
891,TDB_230110,AMZN,300,1609.12,2024-04-07
892,TDB_128298,DIS,343,380.11,2024-03-16
893,TDB_218883,ABNB,399,2343.19,2024-01-10
894,TDB_126241,NVCR,186,1973.58,2024-04-02
895,TDB_163388,AAPL,261,890.78,2024-05-08
896,TDB_164859,FSLY,290,124.49,2024-04-06
897,TDB_216545,MA,363,2346.99,2024-10-06
898,TDB_125465,FSLY,52,1782.17,2024-01-16
899,TDB_137043,T,366,2925.08,2024-02-22
900,TDB_209165,SNAP,365,869.01,2024-10-20
901,TDB_190900,SBUX,415,2144.73,2024-12-01
902,TDB_201524,NKE,64,2923.44,2024-12-03
903,TDB_146088,MRNA,156,530.08,2024-03-23
904,TDB_219381,ABNB,392,1238.38,2024-01-30
905,TDB_219940,ORCL,146,2390.95,2024-09-24
906,TDB_221676,SQ,27,812.75,2024-06-13
907,TDB_165848,TSLA,254,2878.65,2024-11-17
908,TDB_188122,SNAP,230,2991.06,2024-06-02
909,TDB_226512,TWLO,213,439.23,2024-03-15
910,TDB_182484,MA,344,2772.16,2024-11-30
911,TDB_184113,Z,8,940.83,2024-10-07
912,TDB_180870,ETSY,434,1689.41,2024-04-21
913,TDB_173809,SHOP,442,291.78,2024-08-31
914,TDB_208417,SBUX,215,1696.77,2024-01-01
915,TDB_231474,SNAP,320,335.91,2024-10-20
916,TDB_189676,PLTR,35,1488.16,2024-08-11
917,TDB_201000,MRNA,80,766.53,2024-08-08
918,TDB_170085,ADBE,12,839.76,2024-06-12
919,TDB_169559,ADBE,358,1713.14,2024-07-31
920,TDB_136936,BIDU,97,2279.78,2024-11-05
921,TDB_164741,TSM,326,692.58,2024-02-05
922,TDB_188641,NKE,71,2336.4,2024-04-03
923,TDB_177913,HOOD,93,2678.39,2024-05-05
924,TDB_132259,LYFT,256,601.28,2024-10-20
925,TDB_161416,MSFT,278,534.07,2024-11-07
926,TDB_236525,TSLA,378,2239.72,2024-08-30
927,TDB_198297,AMZN,102,287.59,2024-09-11
928,TDB_144059,SHOP,125,2480.57,2024-03-10
929,TDB_131599,ZM,372,2029.76,2024-12-14
930,TDB_216232,SNAP,266,1699.5,2024-09-28
931,TDB_230462,TSLA,390,1196.65,2024-08-11
932,TDB_176344,FB,296,2042.3,2024-01-18
933,TDB_163976,SQ,250,935.45,2024-02-17
934,TDB_127860,MA,256,2147.01,2024-05-08
935,TDB_198094,DIS,387,1892.04,2024-09-01
936,TDB_191258,BAC,87,1249.59,2024-02-29
937,TDB_198716,DIS,428,2035.56,2024-12-19
938,TDB_228749,ABNB,211,1020.21,2024-02-18
939,TDB_172652,QCOM,51,1117.34,2024-03-05
940,TDB_222842,WMT,328,591.09,2024-10-12
941,TDB_193329,AAPL,85,2664.82,2024-04-02
942,TDB_218158,XOM,230,300.87,2024-03-03
943,TDB_209932,BAC,383,2593.05,2024-05-18
944,TDB_203459,FVRR,475,1107.4,2024-09-30
945,TDB_217449,NET,7,2575.56,2024-01-14
946,TDB_185952,NVCR,402,1955.97,2024-11-14
947,TDB_227582,NKE,174,1875.11,2024-02-15
948,TDB_212264,ETSY,175,2413.22,2024-10-20
949,TDB_173785,LYFT,276,957.9,2024-08-14
950,TDB_229089,SHOP,10,1426.32,2024-04-20
951,TDB_182801,AAPL,72,686.39,2024-04-07
952,TDB_146633,FSLY,1,1894.01,2024-01-08
953,TDB_202383,SHOP,149,2808.61,2024-11-26
954,TDB_230992,ADBE,371,1174.09,2024-10-06
955,TDB_150901,SPOT,321,2857.1,2024-03-06
956,TDB_221306,SPOT,339,2455.23,2024-02-09
957,TDB_211826,SHOP,160,173.64,2024-04-27
958,TDB_174773,NVCR,462,2410.78,2024-03-07
959,TDB_131692,BABA,488,1021.81,2024-08-29
960,TDB_185374,AAPL,279,364.03,2024-05-13
961,TDB_211480,BA,454,2107.61,2024-12-10
962,TDB_184017,NFLX,94,1024.27,2024-07-23
963,TDB_179823,VZ,128,248.52,2024-01-19
964,TDB_188867,GOOGL,452,2738.02,2024-05-29
965,TDB_144272,SHOP,424,2685.76,2024-10-01
966,TDB_217135,ROKU,279,827.28,2024-07-19
967,TDB_167801,AAPL,122,2739.08,2024-12-11
968,TDB_177617,PYPL,440,1111.13,2024-09-13
969,TDB_235740,XOM,170,1600.38,2024-06-07
970,TDB_209732,SNAP,109,107.38,2024-03-29
971,TDB_200474,BAC,370,2180.59,2024-04-29
972,TDB_214314,VZ,218,442.05,2024-12-02
973,TDB_150656,SNAP,285,1796.47,2024-08-07
974,TDB_163246,RBLX,92,2449.73,2024-10-24
975,TDB_209674,INTC,475,1480.93,2024-12-09
976,TDB_137803,CSCO,350,1022.45,2024-05-06
977,TDB_132290,JPM,396,795.99,2024-07-05
978,TDB_209613,LYFT,207,1399.49,2024-07-31
979,TDB_164029,NET,200,2966.34,2024-10-22
980,TDB_127300,MSFT,6,389.46,2024-09-18
981,TDB_127490,CSCO,457,558.23,2024-08-20
982,TDB_156583,CSCO,264,1720.94,2024-02-24
983,TDB_159012,SHOP,66,115.53,2024-01-29
984,TDB_224039,BA,138,2995.23,2024-07-15
985,TDB_229002,PFE,124,260.64,2024-06-19
986,TDB_126101,NFLX,455,576.9,2024-02-29
987,TDB_230587,FVRR,486,395.64,2024-03-12
988,TDB_182793,DOCU,276,1595.67,2024-04-20
989,TDB_172698,BA,450,1560.08,2024-07-05
990,TDB_199817,SPOT,218,2677.32,2024-01-28
991,TDB_221074,CSCO,187,253.13,2024-08-19
992,TDB_160813,SNAP,262,2279.71,2024-09-15
993,TDB_148937,NKE,215,2827.8,2024-12-14
994,TDB_167802,SHOP,355,2718.99,2024-04-15
995,TDB_200006,FSLY,484,2359.71,2024-03-09
996,TDB_142428,Z,316,2433.04,2024-03-22
997,TDB_164100,SBUX,124,352.11,2024-04-03
998,TDB_134888,JPM,289,1712.53,2024-07-27
999,TDB_140770,NVDA,200,503.35,2024-12-20
1000,TDB_203478,UBER,198,2927.4,2024-12-14
