TDB_00002000,2024-09-22 21:10:17,TDB_CUST_9805246,AAPL,BUY,538,262.02
TDB_00002001,2024-09-20 09:38:11,TDB_CUST_3901605,TSLA,BUY,894,1245.16
TDB_00002002,2024-09-25 03:23:26,TDB_CUST_5123589,GOOGL,SELL,224,1181.76
TDB_00002003,2024-09-21 20:52:56,TDB_CUST_2040858,JPM,BUY,734,504.0
TDB_00002004,2024-09-24 02:07:26,TDB_CUST_7947791,FB,BUY,459,601.15
TDB_00002005,2024-09-24 07:37:04,TDB_CUST_4028294,MSFT,SELL,410,1372.19
TDB_00002006,2024-09-21 14:11:18,TDB_CUST_4157798,NFLX,SELL,998,631.92
TDB_00002007,2024-09-23 17:52:30,TDB_CUST_3112505,TSLA,BUY,156,1283.15
TDB_00002008,2024-09-24 16:36:53,TDB_CUST_7702421,AAPL,SELL,774,530.13
TDB_00002009,2024-09-25 05:48:01,TDB_CUST_2090027,AMZN,SELL,399,1424.85
TDB_00002010,2024-09-24 14:38:34,TDB_CUST_9114947,AAPL,BUY,606,865.94
TDB_00002011,2024-09-24 22:10:18,TDB_CUST_9408195,MSFT,BUY,255,1324.99
TDB_00002012,2024-09-20 02:49:11,TDB_CUST_1504633,JPM,SELL,950,1077.37
TDB_00002013,2024-09-21 12:24:07,TDB_CUST_1647675,V,SELL,295,770.79
TDB_00002014,2024-09-20 13:27:31,TDB_CUST_6534116,JPM,BUY,486,1480.48
TDB_00002015,2024-09-19 01:55:32,TDB_CUST_7729001,NVDA,BUY,803,558.78
TDB_00002016,2024-09-20 10:02:52,TDB_CUST_3588309,JPM,BUY,731,428.83
TDB_00002017,2024-09-21 16:50:24,TDB_CUST_4741989,GOOGL,BUY,378,518.0
TDB_00002018,2024-09-24 10:59:42,TDB_CUST_9083645,NFLX,BUY,185,429.61
TDB_00002019,2024-09-24 16:20:56,TDB_CUST_6240946,NFLX,SELL,292,734.37
TDB_00002020,2024-09-21 16:57:06,TDB_CUST_1642629,MSFT,BUY,862,1253.34
TDB_00002021,2024-09-22 18:48:16,TDB_CUST_2763166,AMZN,SELL,96,1085.32
TDB_00002022,2024-09-22 21:55:42,TDB_CUST_3481400,FB,SELL,710,1241.84
TDB_00002023,2024-09-19 01:01:05,TDB_CUST_9249211,NVDA,BUY,411,414.85
TDB_00002024,2024-09-24 08:52:42,TDB_CUST_4994773,JPM,BUY,483,176.43
TDB_00002025,2024-09-24 08:23:54,TDB_CUST_5226137,AAPL,BUY,130,201.87
TDB_00002026,2024-09-23 23:33:02,TDB_CUST_5317403,TSLA,BUY,37,1304.35
TDB_00002027,2024-09-19 14:27:56,TDB_CUST_3733711,V,SELL,428,607.23
TDB_00002028,2024-09-24 14:06:43,TDB_CUST_9601590,AMZN,BUY,85,1211.3
TDB_00002029,2024-09-25 15:23:24,TDB_CUST_2071921,NFLX,BUY,131,213.61
TDB_00002030,2024-09-25 07:09:27,TDB_CUST_4428517,JPM,BUY,459,434.41
TDB_00002031,2024-09-24 20:23:14,TDB_CUST_8563317,JPM,BUY,771,1444.42
TDB_00002032,2024-09-20 07:49:38,TDB_CUST_4158714,FB,BUY,504,172.1
TDB_00002033,2024-09-19 02:19:43,TDB_CUST_6153797,AMZN,SELL,630,252.0
TDB_00002034,2024-09-20 11:34:12,TDB_CUST_3039986,TSLA,SELL,381,543.09
TDB_00002035,2024-09-20 22:40:05,TDB_CUST_9041534,AMZN,BUY,795,1156.55
TDB_00002036,2024-09-18 18:41:01,TDB_CUST_3127090,FB,SELL,684,1294.51
TDB_00002037,2024-09-19 07:13:14,TDB_CUST_9082680,FB,SELL,954,1455.46
TDB_00002038,2024-09-19 05:43:26,TDB_CUST_8553139,AMZN,BUY,562,870.07
TDB_00002039,2024-09-21 14:44:55,TDB_CUST_3252210,FB,SELL,572,965.53
TDB_00002040,2024-09-20 17:05:55,TDB_CUST_4883358,JPM,BUY,600,812.94
TDB_00002041,2024-09-22 19:55:28,TDB_CUST_6616860,NVDA,SELL,756,978.49
TDB_00002042,2024-09-25 13:20:21,TDB_CUST_7275273,AMZN,BUY,929,1015.75
TDB_00002043,2024-09-21 02:03:54,TDB_CUST_3863445,JPM,SELL,378,943.15
TDB_00002044,2024-09-19 02:37:24,TDB_CUST_3882266,FB,SELL,604,136.99
TDB_00002045,2024-09-24 09:31:42,TDB_CUST_1840319,AAPL,SELL,570,1260.78
TDB_00002046,2024-09-18 22:04:32,TDB_CUST_2781502,NFLX,SELL,384,1197.63
TDB_00002047,2024-09-21 01:53:38,TDB_CUST_8368883,JPM,SELL,29,534.32
TDB_00002048,2024-09-20 05:32:19,TDB_CUST_9848274,GOOGL,BUY,914,103.51
TDB_00002049,2024-09-18 22:08:54,TDB_CUST_8787752,AMZN,SELL,358,943.3
TDB_00002050,2024-09-18 21:23:37,TDB_CUST_2557641,AMZN,BUY,480,782.01
TDB_00002051,2024-09-25 09:34:44,TDB_CUST_2702019,NFLX,BUY,450,462.17
TDB_00002052,2024-09-20 00:58:46,TDB_CUST_5133985,AAPL,BUY,661,372.97
TDB_00002053,2024-09-20 14:13:29,TDB_CUST_5497975,MSFT,SELL,205,116.26
TDB_00002054,2024-09-21 01:24:57,TDB_CUST_8898551,V,SELL,559,1184.7
TDB_00002055,2024-09-23 22:32:46,TDB_CUST_7588499,JPM,BUY,327,844.58
TDB_00002056,2024-09-25 17:21:07,TDB_CUST_6078235,GOOGL,BUY,178,798.88
TDB_00002057,2024-09-22 16:32:17,TDB_CUST_8558779,AMZN,SELL,710,1033.05
TDB_00002058,2024-09-25 12:21:46,TDB_CUST_2534068,MSFT,BUY,538,349.7
TDB_00002059,2024-09-22 22:11:29,TDB_CUST_1434704,NFLX,SELL,945,1099.4
TDB_00002060,2024-09-25 00:08:35,TDB_CUST_3005125,MSFT,SELL,557,912.24
TDB_00002061,2024-09-18 19:09:17,TDB_CUST_4685631,TSLA,BUY,434,495.08
TDB_00002062,2024-09-21 02:31:49,TDB_CUST_5933157,GOOGL,BUY,785,69.5
TDB_00002063,2024-09-22 10:58:25,TDB_CUST_3070295,NFLX,BUY,91,1285.48
TDB_00002064,2024-09-22 01:47:03,TDB_CUST_7957227,TSLA,SELL,948,1347.98
TDB_00002065,2024-09-21 06:16:19,TDB_CUST_5777070,AMZN,BUY,999,778.65
TDB_00002066,2024-09-21 03:40:23,TDB_CUST_4424531,MSFT,SELL,892,552.43
TDB_00002067,2024-09-19 14:54:32,TDB_CUST_1785911,AMZN,BUY,396,941.66
TDB_00002068,2024-09-24 01:59:13,TDB_CUST_8981433,NFLX,BUY,13,934.04
TDB_00002069,2024-09-24 18:45:55,TDB_CUST_9984296,AMZN,BUY,998,1160.24
TDB_00002070,2024-09-24 11:18:50,TDB_CUST_1767805,MSFT,BUY,851,436.68
TDB_00002071,2024-09-20 23:02:12,TDB_CUST_7700304,GOOGL,SELL,402,912.47
TDB_00002072,2024-09-23 18:09:32,TDB_CUST_4392684,FB,BUY,368,1249.05
TDB_00002073,2024-09-20 11:12:56,TDB_CUST_7640985,NVDA,BUY,149,490.73
TDB_00002074,2024-09-24 06:23:22,TDB_CUST_3288557,GOOGL,BUY,149,320.19
TDB_00002075,2024-09-20 22:15:10,TDB_CUST_7828674,NFLX,SELL,587,1474.48
TDB_00002076,2024-09-20 11:51:19,TDB_CUST_5729519,NVDA,BUY,859,1149.2
TDB_00002077,2024-09-21 19:28:31,TDB_CUST_3589668,JPM,SELL,236,40.97
TDB_00002078,2024-09-24 14:42:07,TDB_CUST_2058493,JPM,BUY,660,1322.3
TDB_00002079,2024-09-22 16:32:14,TDB_CUST_1942836,GOOGL,BUY,238,768.97
TDB_00002080,2024-09-24 09:16:20,TDB_CUST_6819940,AMZN,BUY,610,681.83
TDB_00002081,2024-09-25 06:25:33,TDB_CUST_6991136,MSFT,SELL,730,855.43
TDB_00002082,2024-09-19 11:42:50,TDB_CUST_2390418,AMZN,SELL,786,710.93
TDB_00002083,2024-09-20 22:32:31,TDB_CUST_6387715,V,BUY,347,580.56
TDB_00002084,2024-09-20 04:10:07,TDB_CUST_6367191,TSLA,BUY,634,1186.87
TDB_00002085,2024-09-21 22:01:55,TDB_CUST_4807395,NFLX,SELL,518,1361.93
TDB_00002086,2024-09-21 22:23:27,TDB_CUST_1598003,MSFT,BUY,472,1077.55
TDB_00002087,2024-09-24 09:34:37,TDB_CUST_9628780,GOOGL,BUY,84,434.24
TDB_00002088,2024-09-23 04:36:06,TDB_CUST_5790580,GOOGL,SELL,852,143.02
TDB_00002089,2024-09-25 05:15:56,TDB_CUST_3046758,AMZN,SELL,89,348.77
TDB_00002090,2024-09-21 15:21:06,TDB_CUST_9346620,GOOGL,SELL,243,158.23
TDB_00002091,2024-09-18 18:07:26,TDB_CUST_3260696,FB,BUY,710,667.68
TDB_00002092,2024-09-19 08:58:41,TDB_CUST_9717325,JPM,SELL,966,42.06
TDB_00002093,2024-09-22 07:03:21,TDB_CUST_3553233,AAPL,SELL,398,1484.96
TDB_00002094,2024-09-21 21:04:24,TDB_CUST_4352726,AAPL,SELL,85,1297.76
TDB_00002095,2024-09-19 04:26:27,TDB_CUST_1909554,NVDA,SELL,691,835.86
TDB_00002096,2024-09-23 07:42:29,TDB_CUST_6014942,FB,SELL,981,1083.53
TDB_00002097,2024-09-19 14:30:30,TDB_CUST_8063489,AAPL,BUY,80,170.34
TDB_00002098,2024-09-24 07:46:29,TDB_CUST_4822775,NVDA,SELL,36,313.23
TDB_00002099,2024-09-22 10:04:46,TDB_CUST_7770440,MSFT,BUY,120,868.17
TDB_00002100,2024-09-23 07:58:57,TDB_CUST_6810718,MSFT,BUY,966,648.32
TDB_00002101,2024-09-21 18:19:57,TDB_CUST_9976882,V,SELL,933,1336.31
TDB_00002102,2024-09-22 09:44:01,TDB_CUST_5437479,V,SELL,407,664.89
TDB_00002103,2024-09-23 01:39:25,TDB_CUST_8549337,AMZN,BUY,291,649.5
TDB_00002104,2024-09-21 00:12:59,TDB_CUST_3217101,AAPL,BUY,188,580.88
TDB_00002105,2024-09-25 06:26:22,TDB_CUST_2662836,TSLA,SELL,591,315.97
TDB_00002106,2024-09-20 11:15:45,TDB_CUST_2172980,NFLX,BUY,884,606.58
TDB_00002107,2024-09-23 07:04:26,TDB_CUST_7908358,AAPL,SELL,468,1314.24
TDB_00002108,2024-09-20 10:24:54,TDB_CUST_1052878,NVDA,BUY,894,372.75
TDB_00002109,2024-09-20 20:09:34,TDB_CUST_8705945,NFLX,BUY,197,703.58
TDB_00002110,2024-09-20 06:25:20,TDB_CUST_3018447,FB,BUY,689,1373.9
TDB_00002111,2024-09-20 19:35:17,TDB_CUST_9910491,AAPL,BUY,382,435.03
TDB_00002112,2024-09-23 21:55:49,TDB_CUST_5302937,MSFT,SELL,259,938.19
TDB_00002113,2024-09-20 10:02:35,TDB_CUST_2492837,TSLA,SELL,716,1275.67
TDB_00002114,2024-09-19 04:13:58,TDB_CUST_8851770,MSFT,BUY,497,1313.62
TDB_00002115,2024-09-25 15:28:21,TDB_CUST_6847368,NFLX,SELL,977,1097.76
TDB_00002116,2024-09-23 11:32:33,TDB_CUST_2112866,V,SELL,401,326.65
TDB_00002117,2024-09-22 10:43:34,TDB_CUST_7042571,NFLX,BUY,500,1025.22
TDB_00002118,2024-09-22 00:56:27,TDB_CUST_4465173,NVDA,BUY,982,916.5
TDB_00002119,2024-09-21 17:58:58,TDB_CUST_1961848,FB,BUY,23,1291.11
TDB_00002120,2024-09-22 20:30:37,TDB_CUST_5695379,V,BUY,403,398.47
TDB_00002121,2024-09-18 18:12:47,TDB_CUST_7797166,JPM,BUY,211,589.0
TDB_00002122,2024-09-24 15:45:56,TDB_CUST_2316326,V,BUY,344,1339.46
TDB_00002123,2024-09-19 01:45:21,TDB_CUST_9031648,NVDA,BUY,114,121.51
TDB_00002124,2024-09-24 21:34:37,TDB_CUST_9424398,GOOGL,SELL,552,207.76
TDB_00002125,2024-09-20 21:46:30,TDB_CUST_2290671,GOOGL,SELL,145,414.95
TDB_00002126,2024-09-23 23:00:39,TDB_CUST_5464620,GOOGL,BUY,656,1193.09
TDB_00002127,2024-09-24 13:04:55,TDB_CUST_4639073,TSLA,SELL,174,623.23
TDB_00002128,2024-09-22 11:15:26,TDB_CUST_4086411,NFLX,BUY,632,870.52
TDB_00002129,2024-09-18 18:14:06,TDB_CUST_9393278,JPM,SELL,213,1448.78
TDB_00002130,2024-09-20 22:50:05,TDB_CUST_3162169,TSLA,BUY,914,1417.91
TDB_00002131,2024-09-24 18:13:21,TDB_CUST_2507085,NFLX,BUY,769,1091.86
TDB_00002132,2024-09-18 23:26:23,TDB_CUST_4298744,NVDA,SELL,723,460.91
TDB_00002133,2024-09-24 09:55:03,TDB_CUST_9157425,JPM,SELL,717,759.87
TDB_00002134,2024-09-24 12:39:02,TDB_CUST_5820443,AAPL,SELL,231,1420.69
TDB_00002135,2024-09-21 05:09:23,TDB_CUST_7981177,FB,BUY,870,288.79
TDB_00002136,2024-09-23 04:48:13,TDB_CUST_4613676,NFLX,SELL,275,170.63
TDB_00002137,2024-09-24 16:52:42,TDB_CUST_9879164,V,BUY,92,1063.07
TDB_00002138,2024-09-22 03:06:48,TDB_CUST_3005158,AMZN,BUY,747,504.02
TDB_00002139,2024-09-21 06:43:12,TDB_CUST_3196507,NVDA,SELL,162,315.63
TDB_00002140,2024-09-21 10:06:54,TDB_CUST_5227053,NVDA,SELL,468,1365.88
TDB_00002141,2024-09-24 09:49:30,TDB_CUST_6971513,TSLA,BUY,395,713.62
TDB_00002142,2024-09-19 13:59:12,TDB_CUST_9021172,MSFT,SELL,366,758.34
TDB_00002143,2024-09-21 20:48:40,TDB_CUST_5472906,AMZN,BUY,355,309.64
TDB_00002144,2024-09-21 10:34:48,TDB_CUST_5812901,V,BUY,630,1471.72
TDB_00002145,2024-09-22 08:56:57,TDB_CUST_6746868,FB,SELL,367,690.23
TDB_00002146,2024-09-24 09:30:59,TDB_CUST_5540702,NVDA,BUY,804,368.81
TDB_00002147,2024-09-24 21:28:03,TDB_CUST_7774566,NFLX,SELL,966,134.16
TDB_00002148,2024-09-19 18:04:31,TDB_CUST_4138412,V,BUY,818,327.68
TDB_00002149,2024-09-20 21:50:36,TDB_CUST_2455139,V,BUY,692,1337.79
TDB_00002150,2024-09-21 15:27:02,TDB_CUST_1791346,FB,SELL,249,1347.27
TDB_00002151,2024-09-23 16:28:58,TDB_CUST_2022928,FB,BUY,662,1403.19
TDB_00002152,2024-09-18 21:29:54,TDB_CUST_8335000,JPM,BUY,323,697.27
TDB_00002153,2024-09-23 17:42:51,TDB_CUST_8072250,AMZN,BUY,141,1093.51
TDB_00002154,2024-09-24 00:51:11,TDB_CUST_1094596,V,BUY,55,1013.14
TDB_00002155,2024-09-23 07:41:54,TDB_CUST_4980190,NVDA,BUY,617,265.16
TDB_00002156,2024-09-20 10:13:13,TDB_CUST_3835663,NFLX,BUY,734,199.75
TDB_00002157,2024-09-21 23:50:08,TDB_CUST_6458023,AMZN,SELL,814,1210.45
TDB_00002158,2024-09-24 08:44:04,TDB_CUST_8365995,NVDA,SELL,184,350.81
TDB_00002159,2024-09-20 03:37:39,TDB_CUST_5702284,GOOGL,SELL,458,316.69
TDB_00002160,2024-09-22 00:30:42,TDB_CUST_4777381,JPM,SELL,550,1373.17
TDB_00002161,2024-09-19 02:05:08,TDB_CUST_5531367,V,BUY,684,1212.38
TDB_00002162,2024-09-23 05:18:42,TDB_CUST_4858652,NVDA,BUY,590,44.25
TDB_00002163,2024-09-19 15:56:42,TDB_CUST_8676993,TSLA,BUY,501,549.27
TDB_00002164,2024-09-22 20:29:54,TDB_CUST_8479754,MSFT,BUY,297,878.04
TDB_00002165,2024-09-23 23:21:45,TDB_CUST_2000635,V,SELL,207,420.99
TDB_00002166,2024-09-19 11:38:58,TDB_CUST_2183593,MSFT,BUY,823,103.45
TDB_00002167,2024-09-23 17:16:43,TDB_CUST_4936014,MSFT,SELL,569,762.04
TDB_00002168,2024-09-22 03:49:00,TDB_CUST_1070636,AMZN,SELL,514,1300.22
TDB_00002169,2024-09-24 14:59:39,TDB_CUST_5810648,AMZN,BUY,147,79.62
TDB_00002170,2024-09-25 17:54:30,TDB_CUST_1623454,GOOGL,BUY,350,522.56
TDB_00002171,2024-09-20 08:15:23,TDB_CUST_5928376,FB,BUY,222,1407.2
TDB_00002172,2024-09-22 19:55:32,TDB_CUST_5935669,V,SELL,199,869.78
TDB_00002173,2024-09-24 10:23:04,TDB_CUST_7796374,FB,SELL,487,484.04
TDB_00002174,2024-09-21 02:03:50,TDB_CUST_5708276,NVDA,BUY,763,422.14
TDB_00002175,2024-09-19 10:24:08,TDB_CUST_7034336,TSLA,BUY,323,449.46
TDB_00002176,2024-09-20 05:12:42,TDB_CUST_3494600,V,BUY,74,416.94
TDB_00002177,2024-09-25 15:23:36,TDB_CUST_3776049,NFLX,SELL,984,72.46
TDB_00002178,2024-09-18 23:11:14,TDB_CUST_7114373,NFLX,SELL,600,492.08
TDB_00002179,2024-09-22 16:34:03,TDB_CUST_4809561,MSFT,SELL,706,1477.37
TDB_00002180,2024-09-19 14:51:36,TDB_CUST_6416349,JPM,BUY,469,1311.77
TDB_00002181,2024-09-24 14:05:42,TDB_CUST_6145433,GOOGL,BUY,769,1250.37
TDB_00002182,2024-09-24 19:35:08,TDB_CUST_1366798,JPM,SELL,798,125.12
TDB_00002183,2024-09-20 02:59:05,TDB_CUST_2168499,AMZN,SELL,407,1344.12
TDB_00002184,2024-09-25 01:35:40,TDB_CUST_1382433,AAPL,SELL,538,673.04
TDB_00002185,2024-09-20 13:28:24,TDB_CUST_5982610,GOOGL,BUY,81,212.81
TDB_00002186,2024-09-22 16:04:46,TDB_CUST_2111315,TSLA,SELL,755,540.04
TDB_00002187,2024-09-23 16:10:53,TDB_CUST_1808171,AAPL,SELL,607,743.19
TDB_00002188,2024-09-21 02:51:10,TDB_CUST_9510350,NFLX,BUY,551,84.74
TDB_00002189,2024-09-23 14:05:33,TDB_CUST_4643688,AMZN,SELL,858,1054.88
TDB_00002190,2024-09-20 07:25:48,TDB_CUST_4650058,GOOGL,BUY,631,933.91
TDB_00002191,2024-09-20 09:05:59,TDB_CUST_8881340,AAPL,BUY,180,1249.07
TDB_00002192,2024-09-23 02:09:15,TDB_CUST_6751921,NVDA,BUY,134,1002.67
TDB_00002193,2024-09-24 13:04:01,TDB_CUST_4344510,AMZN,BUY,410,17.34
TDB_00002194,2024-09-22 11:13:48,TDB_CUST_6567174,JPM,BUY,667,735.87
TDB_00002195,2024-09-22 10:50:31,TDB_CUST_2541133,GOOGL,SELL,825,827.27
TDB_00002196,2024-09-22 14:02:49,TDB_CUST_3433696,GOOGL,SELL,914,918.19
TDB_00002197,2024-09-24 18:08:22,TDB_CUST_7941844,NVDA,SELL,88,1369.97
TDB_00002198,2024-09-19 19:31:35,TDB_CUST_9249522,V,BUY,430,1272.04
TDB_00002199,2024-09-22 14:58:21,TDB_CUST_1850394,NFLX,BUY,635,243.43
TDB_00002200,2024-09-19 09:51:26,TDB_CUST_2360745,FB,BUY,789,1179.1
TDB_00002201,2024-09-20 00:49:10,TDB_CUST_9121863,NFLX,SELL,730,197.04
TDB_00002202,2024-09-18 18:14:53,TDB_CUST_3978635,JPM,BUY,325,333.6
TDB_00002203,2024-09-23 22:17:20,TDB_CUST_5624193,V,SELL,975,1194.97
TDB_00002204,2024-09-20 21:29:58,TDB_CUST_9201845,NFLX,BUY,180,459.39
TDB_00002205,2024-09-24 09:52:44,TDB_CUST_8588835,TSLA,SELL,384,145.21
TDB_00002206,2024-09-22 11:47:03,TDB_CUST_7731774,AAPL,BUY,69,529.35
TDB_00002207,2024-09-24 13:20:26,TDB_CUST_4632821,JPM,SELL,349,535.47
TDB_00002208,2024-09-25 13:40:28,TDB_CUST_9856277,GOOGL,BUY,413,1082.5
TDB_00002209,2024-09-25 05:45:38,TDB_CUST_1262049,V,SELL,210,1168.17
TDB_00002210,2024-09-19 08:53:29,TDB_CUST_9400929,AAPL,BUY,668,1471.53
TDB_00002211,2024-09-25 09:00:38,TDB_CUST_8892611,NFLX,SELL,149,1384.62
TDB_00002212,2024-09-21 17:56:58,TDB_CUST_2631204,FB,SELL,637,884.86
TDB_00002213,2024-09-25 01:44:30,TDB_CUST_7592522,MSFT,BUY,986,770.82
TDB_00002214,2024-09-20 05:02:19,TDB_CUST_2179710,GOOGL,BUY,944,795.42
TDB_00002215,2024-09-22 01:27:45,TDB_CUST_5073663,AMZN,BUY,447,707.5
TDB_00002216,2024-09-22 03:49:23,TDB_CUST_6073973,NVDA,BUY,346,712.15
TDB_00002217,2024-09-25 16:47:04,TDB_CUST_8890602,FB,SELL,726,881.09
TDB_00002218,2024-09-24 10:39:31,TDB_CUST_5473036,TSLA,BUY,324,811.01
TDB_00002219,2024-09-23 19:38:39,TDB_CUST_5679864,NFLX,BUY,336,1226.14
TDB_00002220,2024-09-23 16:43:36,TDB_CUST_8958424,NFLX,SELL,514,1074.74
TDB_00002221,2024-09-24 19:49:44,TDB_CUST_6179806,NVDA,BUY,194,724.81
TDB_00002222,2024-09-19 20:40:52,TDB_CUST_6247107,TSLA,SELL,581,303.63
TDB_00002223,2024-09-23 20:19:32,TDB_CUST_2507766,FB,SELL,410,275.18
TDB_00002224,2024-09-21 13:43:19,TDB_CUST_1092682,TSLA,BUY,336,430.04
TDB_00002225,2024-09-20 11:06:52,TDB_CUST_3589932,TSLA,BUY,197,1209.58
TDB_00002226,2024-09-25 13:41:25,TDB_CUST_9044931,MSFT,BUY,420,127.1
TDB_00002227,2024-09-24 20:50:22,TDB_CUST_6819924,MSFT,BUY,441,1000.76
TDB_00002228,2024-09-23 18:13:14,TDB_CUST_7032636,NFLX,SELL,16,560.22
TDB_00002229,2024-09-19 12:25:49,TDB_CUST_6906764,NFLX,BUY,675,91.87
TDB_00002230,2024-09-20 14:15:56,TDB_CUST_9828923,NFLX,BUY,669,689.19
TDB_00002231,2024-09-25 00:15:00,TDB_CUST_2840281,NFLX,SELL,1,1491.16
TDB_00002232,2024-09-23 18:55:50,TDB_CUST_5629660,FB,SELL,278,346.87
TDB_00002233,2024-09-24 07:52:00,TDB_CUST_1795834,JPM,BUY,3,621.23
TDB_00002234,2024-09-21 16:19:27,TDB_CUST_5893112,AMZN,SELL,629,914.58
TDB_00002235,2024-09-20 04:17:07,TDB_CUST_3292459,V,BUY,414,641.48
TDB_00002236,2024-09-20 10:37:01,TDB_CUST_3000447,JPM,BUY,474,458.78
TDB_00002237,2024-09-23 07:39:29,TDB_CUST_5151874,AMZN,BUY,886,599.15
TDB_00002238,2024-09-20 02:28:19,TDB_CUST_2273346,AAPL,SELL,351,867.62
TDB_00002239,2024-09-22 18:45:23,TDB_CUST_9343941,TSLA,SELL,71,1401.39
TDB_00002240,2024-09-24 11:12:13,TDB_CUST_2512746,JPM,SELL,21,264.79
TDB_00002241,2024-09-21 01:10:54,TDB_CUST_8751029,JPM,BUY,334,452.21
TDB_00002242,2024-09-23 01:14:15,TDB_CUST_6835324,GOOGL,SELL,375,201.59
TDB_00002243,2024-09-24 10:47:14,TDB_CUST_9585217,MSFT,SELL,871,756.01
TDB_00002244,2024-09-22 19:38:27,TDB_CUST_7424036,NFLX,SELL,495,1009.05
TDB_00002245,2024-09-22 23:04:24,TDB_CUST_2483374,GOOGL,BUY,865,539.88
TDB_00002246,2024-09-22 06:13:07,TDB_CUST_6551486,JPM,SELL,921,214.7
TDB_00002247,2024-09-24 07:31:42,TDB_CUST_9241089,AAPL,SELL,324,483.11
TDB_00002248,2024-09-23 20:46:47,TDB_CUST_2082793,JPM,BUY,226,274.31
TDB_00002249,2024-09-21 18:33:18,TDB_CUST_6818823,JPM,BUY,961,315.98
TDB_00002250,2024-09-22 07:50:53,TDB_CUST_2411103,FB,BUY,893,487.16
TDB_00002251,2024-09-18 22:22:10,TDB_CUST_6295521,V,BUY,638,1165.98
TDB_00002252,2024-09-21 23:37:37,TDB_CUST_4081575,GOOGL,BUY,762,1402.1
TDB_00002253,2024-09-23 09:13:10,TDB_CUST_5440718,NFLX,BUY,494,1161.12
TDB_00002254,2024-09-25 07:13:12,TDB_CUST_3972414,NFLX,BUY,589,809.8
TDB_00002255,2024-09-21 06:37:09,TDB_CUST_3165659,TSLA,SELL,897,278.37
TDB_00002256,2024-09-24 12:15:45,TDB_CUST_9775176,AAPL,SELL,843,1260.9
TDB_00002257,2024-09-25 05:57:54,TDB_CUST_4956542,JPM,BUY,795,856.02
TDB_00002258,2024-09-19 02:40:27,TDB_CUST_7053097,GOOGL,BUY,846,636.13
TDB_00002259,2024-09-19 03:15:41,TDB_CUST_6933616,AMZN,SELL,326,118.71
TDB_00002260,2024-09-21 06:47:06,TDB_CUST_6605664,MSFT,BUY,125,930.91
TDB_00002261,2024-09-25 05:29:05,TDB_CUST_9761672,AAPL,BUY,1000,1312.17
TDB_00002262,2024-09-25 01:18:32,TDB_CUST_7199600,JPM,SELL,403,419.68
TDB_00002263,2024-09-23 16:17:15,TDB_CUST_2049535,V,BUY,535,503.94
TDB_00002264,2024-09-22 12:45:23,TDB_CUST_6046132,AAPL,SELL,131,203.61
TDB_00002265,2024-09-22 13:34:49,TDB_CUST_9038650,TSLA,BUY,205,667.25
TDB_00002266,2024-09-19 17:09:35,TDB_CUST_1227263,AMZN,SELL,239,728.94
TDB_00002267,2024-09-20 18:36:35,TDB_CUST_3921938,NFLX,BUY,444,1062.59
TDB_00002268,2024-09-24 21:53:40,TDB_CUST_2860989,TSLA,SELL,366,850.96
TDB_00002269,2024-09-24 05:06:36,TDB_CUST_3525281,GOOGL,SELL,752,1257.89
TDB_00002270,2024-09-23 01:55:22,TDB_CUST_7712674,AAPL,SELL,909,192.92
TDB_00002271,2024-09-19 01:06:55,TDB_CUST_9480135,AAPL,BUY,761,1407.23
TDB_00002272,2024-09-22 11:24:38,TDB_CUST_8763339,NFLX,BUY,504,1459.55
TDB_00002273,2024-09-22 14:24:38,TDB_CUST_8173495,V,SELL,77,1346.09
TDB_00002274,2024-09-23 11:22:11,TDB_CUST_4426719,TSLA,BUY,270,1144.2
TDB_00002275,2024-09-19 01:48:47,TDB_CUST_5403638,AMZN,SELL,249,1163.64
TDB_00002276,2024-09-24 05:19:25,TDB_CUST_3749284,TSLA,SELL,71,522.49
TDB_00002277,2024-09-24 18:16:37,TDB_CUST_8139683,GOOGL,BUY,645,868.34
TDB_00002278,2024-09-21 20:29:57,TDB_CUST_1072641,GOOGL,BUY,434,194.46
TDB_00002279,2024-09-24 12:16:24,TDB_CUST_8923982,JPM,BUY,779,36.06
TDB_00002280,2024-09-21 16:44:31,TDB_CUST_8855684,V,SELL,815,327.88
TDB_00002281,2024-09-24 22:29:21,TDB_CUST_7102449,JPM,SELL,965,559.7
TDB_00002282,2024-09-24 13:44:02,TDB_CUST_1038875,TSLA,BUY,839,665.56
TDB_00002283,2024-09-20 11:01:29,TDB_CUST_2022509,NFLX,SELL,757,699.36
TDB_00002284,2024-09-19 16:30:43,TDB_CUST_7497859,AMZN,SELL,400,796.61
TDB_00002285,2024-09-23 03:24:08,TDB_CUST_4562699,AMZN,BUY,875,84.26
TDB_00002286,2024-09-25 14:23:09,TDB_CUST_3782257,V,BUY,476,64.48
TDB_00002287,2024-09-21 09:50:33,TDB_CUST_1084727,NVDA,BUY,650,108.04
TDB_00002288,2024-09-24 00:27:27,TDB_CUST_8654523,JPM,BUY,573,812.18
TDB_00002289,2024-09-24 22:31:30,TDB_CUST_5208845,GOOGL,SELL,30,1242.3
TDB_00002290,2024-09-25 07:06:53,TDB_CUST_9124564,AMZN,BUY,400,737.97
TDB_00002291,2024-09-19 05:11:56,TDB_CUST_1822489,NFLX,SELL,136,294.67
TDB_00002292,2024-09-20 09:34:20,TDB_CUST_6927289,FB,BUY,366,553.27
TDB_00002293,2024-09-22 14:29:42,TDB_CUST_4300228,MSFT,SELL,345,1214.44
TDB_00002294,2024-09-22 14:41:58,TDB_CUST_7174730,TSLA,BUY,604,1282.2
TDB_00002295,2024-09-25 00:19:20,TDB_CUST_4680369,NFLX,SELL,909,113.39
TDB_00002296,2024-09-24 23:34:10,TDB_CUST_2456801,JPM,BUY,788,1481.25
TDB_00002297,2024-09-18 18:15:28,TDB_CUST_5145358,GOOGL,SELL,296,1324.25
TDB_00002298,2024-09-22 23:35:43,TDB_CUST_6751452,NFLX,BUY,341,96.19
TDB_00002299,2024-09-24 10:50:16,TDB_CUST_1140806,AAPL,BUY,840,109.39
TDB_00002300,2024-09-21 05:29:12,TDB_CUST_4278552,JPM,BUY,973,1425.73
TDB_00002301,2024-09-22 01:54:52,TDB_CUST_9513372,AMZN,SELL,306,276.85
TDB_00002302,2024-09-25 12:41:34,TDB_CUST_8504150,V,SELL,813,258.16
TDB_00002303,2024-09-24 10:20:53,TDB_CUST_1788701,NVDA,BUY,113,426.69
TDB_00002304,2024-09-19 14:04:12,TDB_CUST_1299925,AMZN,SELL,686,1431.61
TDB_00002305,2024-09-20 09:15:52,TDB_CUST_5126003,AMZN,SELL,56,85.55
TDB_00002306,2024-09-23 12:26:30,TDB_CUST_2674584,AAPL,SELL,3,1284.9
TDB_00002307,2024-09-25 15:58:13,TDB_CUST_8506728,MSFT,BUY,851,922.11
TDB_00002308,2024-09-22 22:49:18,TDB_CUST_1668782,JPM,SELL,115,1327.88
TDB_00002309,2024-09-19 09:19:44,TDB_CUST_5024783,AAPL,BUY,376,223.59
TDB_00002310,2024-09-20 17:43:09,TDB_CUST_8851933,AAPL,BUY,919,679.6
TDB_00002311,2024-09-20 18:10:25,TDB_CUST_1248219,GOOGL,SELL,47,13.61
TDB_00002312,2024-09-22 13:19:56,TDB_CUST_2713170,V,SELL,187,618.22
TDB_00002313,2024-09-25 00:13:47,TDB_CUST_6364827,FB,BUY,120,19.33
TDB_00002314,2024-09-21 06:18:50,TDB_CUST_9928111,NFLX,SELL,654,282.27
TDB_00002315,2024-09-20 06:39:33,TDB_CUST_4646848,FB,SELL,860,152.27
TDB_00002316,2024-09-19 19:21:37,TDB_CUST_2575370,AMZN,SELL,424,1156.13
TDB_00002317,2024-09-21 13:23:18,TDB_CUST_9407220,GOOGL,SELL,544,1244.19
TDB_00002318,2024-09-24 00:08:30,TDB_CUST_3376367,TSLA,SELL,693,687.65
TDB_00002319,2024-09-19 10:29:28,TDB_CUST_6786228,NFLX,SELL,835,1205.16
TDB_00002320,2024-09-24 00:02:36,TDB_CUST_5887898,FB,SELL,778,19.66
TDB_00002321,2024-09-24 10:52:56,TDB_CUST_7816465,V,SELL,879,1141.95
TDB_00002322,2024-09-22 21:12:25,TDB_CUST_8286306,AAPL,SELL,891,1126.02
TDB_00002323,2024-09-24 12:04:19,TDB_CUST_9345895,FB,SELL,203,68.24
TDB_00002324,2024-09-20 03:09:24,TDB_CUST_1299900,FB,BUY,97,432.81
TDB_00002325,2024-09-22 06:27:42,TDB_CUST_3494136,AAPL,SELL,373,658.46
TDB_00002326,2024-09-24 03:31:41,TDB_CUST_1908347,GOOGL,SELL,165,833.11
TDB_00002327,2024-09-22 12:26:59,TDB_CUST_3968520,NVDA,BUY,135,284.3
TDB_00002328,2024-09-21 13:52:28,TDB_CUST_7375508,JPM,SELL,710,1305.72
TDB_00002329,2024-09-20 02:32:30,TDB_CUST_3494893,V,SELL,37,142.59
TDB_00002330,2024-09-23 21:09:57,TDB_CUST_1800261,GOOGL,BUY,327,379.58
TDB_00002331,2024-09-23 10:52:01,TDB_CUST_7062068,AAPL,SELL,725,512.21
TDB_00002332,2024-09-24 02:03:27,TDB_CUST_5885517,TSLA,SELL,709,73.13
TDB_00002333,2024-09-21 02:38:50,TDB_CUST_5517169,V,BUY,739,1002.83
TDB_00002334,2024-09-20 02:22:03,TDB_CUST_5955009,GOOGL,SELL,941,20.27
TDB_00002335,2024-09-23 11:33:52,TDB_CUST_6109012,GOOGL,BUY,649,188.43
TDB_00002336,2024-09-21 12:11:23,TDB_CUST_2626143,V,BUY,325,997.22
TDB_00002337,2024-09-24 14:34:01,TDB_CUST_2342806,TSLA,BUY,775,1355.52
TDB_00002338,2024-09-22 15:11:45,TDB_CUST_4457907,JPM,BUY,503,1422.94
TDB_00002339,2024-09-24 08:16:58,TDB_CUST_7378391,FB,BUY,85,907.8
TDB_00002340,2024-09-20 14:23:54,TDB_CUST_5383072,AAPL,BUY,733,121.38
TDB_00002341,2024-09-19 00:29:51,TDB_CUST_5887727,AMZN,BUY,275,621.77
TDB_00002342,2024-09-21 18:35:08,TDB_CUST_8286066,AMZN,BUY,300,761.57
TDB_00002343,2024-09-21 01:18:20,TDB_CUST_4212656,AAPL,BUY,879,113.22
TDB_00002344,2024-09-21 14:28:14,TDB_CUST_5481283,V,BUY,911,451.74
TDB_00002345,2024-09-21 01:14:09,TDB_CUST_4895993,TSLA,BUY,414,584.95
TDB_00002346,2024-09-21 02:08:34,TDB_CUST_2274701,JPM,SELL,376,483.82
TDB_00002347,2024-09-24 23:13:00,TDB_CUST_7001933,AAPL,BUY,234,531.67
TDB_00002348,2024-09-23 12:38:42,TDB_CUST_4504168,GOOGL,BUY,885,787.31
TDB_00002349,2024-09-20 14:28:42,TDB_CUST_6442952,TSLA,SELL,547,21.92
TDB_00002350,2024-09-22 12:29:55,TDB_CUST_1771677,AMZN,BUY,915,633.46
TDB_00002351,2024-09-21 22:17:28,TDB_CUST_1294372,MSFT,SELL,708,1422.06
TDB_00002352,2024-09-19 00:33:04,TDB_CUST_6173074,NVDA,BUY,947,1281.09
TDB_00002353,2024-09-24 15:32:21,TDB_CUST_6092653,JPM,SELL,73,109.85
TDB_00002354,2024-09-24 20:16:34,TDB_CUST_3601929,GOOGL,BUY,266,288.2
TDB_00002355,2024-09-19 06:44:24,TDB_CUST_6075482,GOOGL,BUY,310,485.17
TDB_00002356,2024-09-20 20:10:12,TDB_CUST_7796437,FB,SELL,450,537.93
TDB_00002357,2024-09-23 10:53:02,TDB_CUST_5264913,V,BUY,458,666.12
TDB_00002358,2024-09-25 09:42:48,TDB_CUST_8666943,V,BUY,552,950.27
TDB_00002359,2024-09-20 23:49:36,TDB_CUST_7938904,V,SELL,368,1437.67
TDB_00002360,2024-09-20 18:09:50,TDB_CUST_4742017,FB,SELL,848,1403.73
TDB_00002361,2024-09-18 21:27:44,TDB_CUST_4415765,V,BUY,134,1079.06
TDB_00002362,2024-09-23 21:00:00,TDB_CUST_2616271,GOOGL,BUY,700,1236.1
TDB_00002363,2024-09-19 11:20:33,TDB_CUST_7745807,NFLX,SELL,937,21.59
TDB_00002364,2024-09-21 06:54:39,TDB_CUST_1702026,JPM,BUY,962,293.97
TDB_00002365,2024-09-21 23:40:17,TDB_CUST_6392424,NVDA,BUY,763,1315.52
TDB_00002366,2024-09-22 13:25:38,TDB_CUST_2172697,NVDA,BUY,992,606.93
TDB_00002367,2024-09-20 01:32:06,TDB_CUST_9564673,AMZN,SELL,388,948.3
TDB_00002368,2024-09-23 22:16:38,TDB_CUST_4401716,MSFT,BUY,889,383.9
TDB_00002369,2024-09-24 04:50:50,TDB_CUST_5469554,JPM,SELL,248,1397.63
TDB_00002370,2024-09-20 21:48:30,TDB_CUST_3749600,AAPL,SELL,249,1481.31
TDB_00002371,2024-09-24 16:16:00,TDB_CUST_2676462,V,BUY,413,1284.33
TDB_00002372,2024-09-22 14:01:35,TDB_CUST_6299587,JPM,SELL,491,921.64
TDB_00002373,2024-09-18 23:48:19,TDB_CUST_8189156,NFLX,BUY,295,328.76
TDB_00002374,2024-09-23 00:27:23,TDB_CUST_4231545,NVDA,BUY,140,1496.98
TDB_00002375,2024-09-22 07:49:21,TDB_CUST_5027692,AMZN,BUY,86,1350.24
TDB_00002376,2024-09-19 19:51:08,TDB_CUST_6899423,V,SELL,469,1465.7
TDB_00002377,2024-09-19 18:33:35,TDB_CUST_9768637,MSFT,SELL,333,1438.52
TDB_00002378,2024-09-21 19:20:58,TDB_CUST_3841492,AAPL,BUY,265,1418.73
TDB_00002379,2024-09-25 08:18:37,TDB_CUST_4235833,FB,SELL,208,1186.94
TDB_00002380,2024-09-19 13:39:04,TDB_CUST_4093232,FB,BUY,890,360.47
TDB_00002381,2024-09-19 13:19:05,TDB_CUST_9560061,MSFT,BUY,296,1388.81
TDB_00002382,2024-09-21 12:24:35,TDB_CUST_7009968,FB,BUY,170,1422.09
TDB_00002383,2024-09-25 11:23:28,TDB_CUST_5959857,FB,BUY,940,803.18
TDB_00002384,2024-09-21 01:02:10,TDB_CUST_9227796,NFLX,SELL,497,402.09
TDB_00002385,2024-09-20 08:52:50,TDB_CUST_5933225,AMZN,BUY,294,599.0
TDB_00002386,2024-09-21 03:34:03,TDB_CUST_8799437,FB,BUY,55,128.88
TDB_00002387,2024-09-19 13:42:47,TDB_CUST_3900438,AAPL,SELL,234,111.96
TDB_00002388,2024-09-25 15:54:29,TDB_CUST_3222424,TSLA,BUY,325,328.31
TDB_00002389,2024-09-23 08:15:13,TDB_CUST_6808217,MSFT,SELL,989,33.25
TDB_00002390,2024-09-24 10:59:09,TDB_CUST_1619420,AAPL,BUY,859,98.21
TDB_00002391,2024-09-20 12:24:06,TDB_CUST_9122403,NVDA,BUY,37,1483.66
TDB_00002392,2024-09-18 19:19:37,TDB_CUST_3251960,V,SELL,761,1076.92
TDB_00002393,2024-09-22 02:42:36,TDB_CUST_6198839,AAPL,SELL,20,1155.4
TDB_00002394,2024-09-24 06:05:58,TDB_CUST_3187685,AMZN,BUY,502,1384.02
TDB_00002395,2024-09-25 03:39:33,TDB_CUST_2166845,GOOGL,SELL,747,152.35
TDB_00002396,2024-09-22 20:57:01,TDB_CUST_2282202,NVDA,SELL,354,1399.04
TDB_00002397,2024-09-21 00:53:47,TDB_CUST_9461056,FB,BUY,75,1261.92
TDB_00002398,2024-09-23 17:39:25,TDB_CUST_1365818,TSLA,SELL,137,194.4
TDB_00002399,2024-09-23 11:39:13,TDB_CUST_1622122,MSFT,SELL,673,588.89
TDB_00002400,2024-09-22 08:10:48,TDB_CUST_7128697,JPM,SELL,142,793.01
TDB_00002401,2024-09-25 00:58:00,TDB_CUST_5548954,AAPL,BUY,839,539.88
TDB_00002402,2024-09-23 13:58:25,TDB_CUST_5811366,TSLA,SELL,644,1234.45
TDB_00002403,2024-09-24 02:59:55,TDB_CUST_8562261,AAPL,SELL,286,505.62
TDB_00002404,2024-09-20 13:33:53,TDB_CUST_6346221,TSLA,SELL,671,807.19
TDB_00002405,2024-09-25 08:49:47,TDB_CUST_6705539,FB,BUY,150,939.62
TDB_00002406,2024-09-24 11:09:55,TDB_CUST_1045367,TSLA,SELL,207,274.74
TDB_00002407,2024-09-19 15:48:45,TDB_CUST_4438370,MSFT,SELL,353,1000.56
TDB_00002408,2024-09-20 21:26:28,TDB_CUST_4958882,V,BUY,190,276.05
TDB_00002409,2024-09-24 13:27:25,TDB_CUST_6222688,TSLA,SELL,311,1362.3
TDB_00002410,2024-09-21 06:16:00,TDB_CUST_4305680,AAPL,SELL,445,430.13
TDB_00002411,2024-09-24 23:01:04,TDB_CUST_7426518,MSFT,SELL,677,243.82
TDB_00002412,2024-09-19 11:22:23,TDB_CUST_1134873,V,SELL,286,1369.98
TDB_00002413,2024-09-22 07:33:11,TDB_CUST_6022773,TSLA,SELL,53,1393.21
TDB_00002414,2024-09-20 09:32:12,TDB_CUST_5421312,JPM,BUY,973,1222.29
TDB_00002415,2024-09-23 18:54:32,TDB_CUST_4349897,TSLA,SELL,115,171.99
TDB_00002416,2024-09-23 17:10:56,TDB_CUST_7829641,JPM,SELL,311,482.18
TDB_00002417,2024-09-20 07:46:17,TDB_CUST_1713754,V,BUY,605,1307.36
TDB_00002418,2024-09-25 11:39:56,TDB_CUST_2015870,AMZN,SELL,87,1382.21
TDB_00002419,2024-09-24 16:30:27,TDB_CUST_6428103,MSFT,SELL,692,114.92
TDB_00002420,2024-09-24 18:49:01,TDB_CUST_4756960,AAPL,BUY,221,1339.11
TDB_00002421,2024-09-20 17:41:26,TDB_CUST_1696341,GOOGL,BUY,916,684.79
TDB_00002422,2024-09-24 01:41:59,TDB_CUST_1704326,AAPL,SELL,725,62.87
TDB_00002423,2024-09-20 17:47:21,TDB_CUST_5565962,NFLX,SELL,749,1442.55
TDB_00002424,2024-09-21 03:26:18,TDB_CUST_5482930,FB,SELL,173,508.64
TDB_00002425,2024-09-19 21:09:10,TDB_CUST_2027087,AAPL,BUY,312,256.04
TDB_00002426,2024-09-23 21:45:11,TDB_CUST_9122597,NFLX,SELL,410,273.52
TDB_00002427,2024-09-18 20:07:29,TDB_CUST_8476154,AAPL,SELL,947,1415.59
TDB_00002428,2024-09-24 14:51:10,TDB_CUST_7435428,JPM,BUY,851,888.22
TDB_00002429,2024-09-20 17:35:40,TDB_CUST_7675662,V,BUY,19,1007.74
TDB_00002430,2024-09-19 18:10:06,TDB_CUST_8455562,GOOGL,SELL,244,436.06
TDB_00002431,2024-09-19 21:44:09,TDB_CUST_8670436,MSFT,SELL,199,92.68
TDB_00002432,2024-09-21 03:15:58,TDB_CUST_6515420,NFLX,BUY,896,374.34
TDB_00002433,2024-09-20 21:03:51,TDB_CUST_6926765,GOOGL,SELL,462,1337.1
TDB_00002434,2024-09-23 10:49:01,TDB_CUST_3743322,JPM,SELL,435,426.98
TDB_00002435,2024-09-21 13:35:25,TDB_CUST_7041601,NVDA,BUY,211,506.93
TDB_00002436,2024-09-24 12:24:51,TDB_CUST_1215380,MSFT,BUY,950,1239.01
TDB_00002437,2024-09-19 01:58:18,TDB_CUST_8787120,FB,SELL,482,1325.15
TDB_00002438,2024-09-24 11:44:45,TDB_CUST_4594160,V,BUY,26,507.85
TDB_00002439,2024-09-19 07:08:41,TDB_CUST_1588034,TSLA,BUY,535,695.81
TDB_00002440,2024-09-23 17:46:24,TDB_CUST_4628570,V,BUY,567,1161.68
TDB_00002441,2024-09-18 19:52:43,TDB_CUST_3559716,AAPL,BUY,156,123.03
TDB_00002442,2024-09-21 21:26:32,TDB_CUST_7437301,FB,SELL,677,308.7
TDB_00002443,2024-09-23 00:20:15,TDB_CUST_1893227,GOOGL,SELL,758,744.34
TDB_00002444,2024-09-20 01:58:05,TDB_CUST_6811236,AMZN,BUY,175,453.95
TDB_00002445,2024-09-22 13:39:02,TDB_CUST_5115906,GOOGL,BUY,477,88.31
TDB_00002446,2024-09-22 14:30:45,TDB_CUST_1510449,AMZN,BUY,385,151.78
TDB_00002447,2024-09-19 04:16:51,TDB_CUST_3897993,MSFT,BUY,336,28.46
TDB_00002448,2024-09-24 00:13:24,TDB_CUST_9530647,V,SELL,477,277.94
TDB_00002449,2024-09-19 00:59:14,TDB_CUST_6993107,TSLA,SELL,408,846.54
TDB_00002450,2024-09-21 01:54:57,TDB_CUST_9509063,AAPL,BUY,719,483.53
TDB_00002451,2024-09-21 16:20:24,TDB_CUST_8990922,TSLA,SELL,881,868.68
TDB_00002452,2024-09-24 00:08:48,TDB_CUST_9718046,V,SELL,337,204.14
TDB_00002453,2024-09-21 23:13:39,TDB_CUST_7826691,AAPL,SELL,902,1366.82
TDB_00002454,2024-09-20 07:46:04,TDB_CUST_4134098,AAPL,SELL,139,13.55
TDB_00002455,2024-09-21 06:53:22,TDB_CUST_6171049,AAPL,BUY,395,1380.83
TDB_00002456,2024-09-24 17:28:12,TDB_CUST_4295938,AAPL,BUY,11,632.33
TDB_00002457,2024-09-22 19:41:06,TDB_CUST_2826657,GOOGL,BUY,764,209.37
TDB_00002458,2024-09-19 22:42:59,TDB_CUST_6924989,NVDA,SELL,505,633.76
TDB_00002459,2024-09-24 14:53:23,TDB_CUST_3340877,V,SELL,326,917.3
TDB_00002460,2024-09-23 10:32:20,TDB_CUST_4096668,NFLX,SELL,437,727.14
TDB_00002461,2024-09-23 03:34:13,TDB_CUST_1335339,NFLX,SELL,939,529.62
TDB_00002462,2024-09-19 04:04:41,TDB_CUST_9810529,JPM,SELL,629,346.54
TDB_00002463,2024-09-20 07:28:56,TDB_CUST_5629251,NFLX,SELL,835,1422.45
TDB_00002464,2024-09-21 06:34:52,TDB_CUST_3413025,NFLX,SELL,697,1156.3
TDB_00002465,2024-09-23 18:35:07,TDB_CUST_8218022,GOOGL,SELL,785,1235.09
TDB_00002466,2024-09-20 03:02:55,TDB_CUST_6683551,AMZN,SELL,553,980.45
TDB_00002467,2024-09-21 06:54:11,TDB_CUST_7608681,AMZN,SELL,516,456.09
TDB_00002468,2024-09-25 07:24:36,TDB_CUST_1525324,TSLA,SELL,263,446.61
TDB_00002469,2024-09-22 04:42:11,TDB_CUST_5416422,TSLA,BUY,210,1290.12
TDB_00002470,2024-09-23 04:17:44,TDB_CUST_1690825,NVDA,BUY,661,1438.45
TDB_00002471,2024-09-24 12:24:38,TDB_CUST_8023782,AAPL,BUY,946,1139.31
TDB_00002472,2024-09-24 02:37:02,TDB_CUST_8210514,NVDA,BUY,27,132.34
TDB_00002473,2024-09-20 10:03:37,TDB_CUST_1366517,AAPL,SELL,967,228.34
TDB_00002474,2024-09-24 11:08:25,TDB_CUST_7735872,TSLA,SELL,116,1115.29
TDB_00002475,2024-09-19 21:40:23,TDB_CUST_8930305,AMZN,SELL,184,798.2
TDB_00002476,2024-09-20 01:33:09,TDB_CUST_1538943,NVDA,BUY,810,218.09
TDB_00002477,2024-09-22 23:31:11,TDB_CUST_3938752,NVDA,SELL,486,42.76
TDB_00002478,2024-09-25 16:59:56,TDB_CUST_5029226,FB,SELL,786,1069.42
TDB_00002479,2024-09-24 11:58:19,TDB_CUST_4632247,NFLX,BUY,990,1465.46
TDB_00002480,2024-09-20 13:28:28,TDB_CUST_4021760,AAPL,SELL,277,936.22
TDB_00002481,2024-09-22 19:02:16,TDB_CUST_2305796,JPM,SELL,575,535.04
TDB_00002482,2024-09-22 12:48:39,TDB_CUST_4951875,GOOGL,SELL,272,643.98
TDB_00002483,2024-09-24 21:37:04,TDB_CUST_2338077,MSFT,SELL,393,604.38
TDB_00002484,2024-09-24 05:05:40,TDB_CUST_4363486,AAPL,SELL,184,1349.32
TDB_00002485,2024-09-24 09:35:35,TDB_CUST_8925022,NVDA,SELL,70,311.92
TDB_00002486,2024-09-24 02:42:59,TDB_CUST_5818408,AAPL,SELL,11,530.88
TDB_00002487,2024-09-24 13:58:52,TDB_CUST_7096478,NVDA,BUY,353,1019.45
TDB_00002488,2024-09-23 19:01:42,TDB_CUST_6257049,TSLA,SELL,312,725.16
TDB_00002489,2024-09-23 07:11:13,TDB_CUST_6784705,NVDA,SELL,338,757.76
TDB_00002490,2024-09-21 11:33:02,TDB_CUST_5406930,MSFT,SELL,297,1420.54
TDB_00002491,2024-09-20 14:45:46,TDB_CUST_4855098,JPM,SELL,873,386.13
TDB_00002492,2024-09-21 05:02:57,TDB_CUST_2919644,NFLX,BUY,553,1266.66
TDB_00002493,2024-09-24 08:39:24,TDB_CUST_2323937,AMZN,BUY,754,1276.63
TDB_00002494,2024-09-24 08:36:14,TDB_CUST_3866179,GOOGL,BUY,171,894.61
TDB_00002495,2024-09-25 06:32:22,TDB_CUST_3390536,AMZN,BUY,727,102.83
TDB_00002496,2024-09-19 01:03:26,TDB_CUST_7287859,FB,SELL,422,457.84
TDB_00002497,2024-09-19 13:49:43,TDB_CUST_2421176,FB,BUY,817,1283.98
TDB_00002498,2024-09-25 04:27:01,TDB_CUST_3002749,MSFT,BUY,412,89.53
TDB_00002499,2024-09-25 08:00:33,TDB_CUST_8873329,MSFT,SELL,479,1145.21
TDB_00002500,2024-09-20 06:38:45,TDB_CUST_3150654,AMZN,BUY,171,481.46
TDB_00002501,2024-09-21 02:17:50,TDB_CUST_2151403,AAPL,SELL,207,929.43
TDB_00002502,2024-09-25 06:04:52,TDB_CUST_5648808,AMZN,BUY,736,919.2
TDB_00002503,2024-09-20 17:41:12,TDB_CUST_6117868,AAPL,SELL,433,987.65
TDB_00002504,2024-09-20 21:51:14,TDB_CUST_4376913,NFLX,SELL,65,325.68
TDB_00002505,2024-09-21 14:19:15,TDB_CUST_5481418,NFLX,BUY,364,865.83
TDB_00002506,2024-09-19 21:38:38,TDB_CUST_1818609,JPM,SELL,391,1156.73
TDB_00002507,2024-09-25 10:46:43,TDB_CUST_2949206,MSFT,BUY,246,563.66
TDB_00002508,2024-09-25 13:20:15,TDB_CUST_2578086,NFLX,BUY,597,41.31
TDB_00002509,2024-09-22 15:44:42,TDB_CUST_9094977,AAPL,BUY,743,53.45
TDB_00002510,2024-09-21 21:44:59,TDB_CUST_7970997,JPM,SELL,954,951.83
TDB_00002511,2024-09-20 03:05:36,TDB_CUST_8521571,FB,SELL,239,477.21
TDB_00002512,2024-09-22 17:34:15,TDB_CUST_9056911,NFLX,BUY,398,265.72
TDB_00002513,2024-09-20 17:28:21,TDB_CUST_4581983,FB,SELL,124,579.81
TDB_00002514,2024-09-20 06:35:51,TDB_CUST_3205066,TSLA,BUY,712,1474.82
TDB_00002515,2024-09-21 22:37:09,TDB_CUST_8590102,GOOGL,BUY,469,488.06
TDB_00002516,2024-09-23 09:29:45,TDB_CUST_9563144,NFLX,BUY,491,1191.97
TDB_00002517,2024-09-25 03:41:17,TDB_CUST_5361587,V,BUY,598,337.43
TDB_00002518,2024-09-20 14:03:01,TDB_CUST_9847459,NVDA,BUY,98,1433.09
TDB_00002519,2024-09-19 09:39:46,TDB_CUST_8903310,FB,BUY,338,273.9
TDB_00002520,2024-09-19 16:44:03,TDB_CUST_7615714,V,SELL,803,1069.68
TDB_00002521,2024-09-25 16:50:18,TDB_CUST_3696872,GOOGL,BUY,956,1488.5
TDB_00002522,2024-09-21 00:11:21,TDB_CUST_2622687,GOOGL,BUY,366,951.08
TDB_00002523,2024-09-25 01:34:40,TDB_CUST_7136187,MSFT,BUY,766,583.66
TDB_00002524,2024-09-25 16:48:21,TDB_CUST_7145635,NVDA,SELL,546,946.35
TDB_00002525,2024-09-21 01:59:44,TDB_CUST_8279568,V,SELL,12,923.62
TDB_00002526,2024-09-24 23:20:51,TDB_CUST_7048390,NFLX,BUY,871,708.79
TDB_00002527,2024-09-22 16:49:20,TDB_CUST_1263782,NFLX,SELL,514,327.64
TDB_00002528,2024-09-24 10:15:37,TDB_CUST_3244050,FB,SELL,954,826.31
TDB_00002529,2024-09-24 13:32:52,TDB_CUST_6484429,TSLA,SELL,883,767.15
TDB_00002530,2024-09-21 06:12:19,TDB_CUST_4477632,FB,SELL,750,178.05
TDB_00002531,2024-09-20 16:20:43,TDB_CUST_8399144,AAPL,SELL,297,398.64
TDB_00002532,2024-09-19 09:26:10,TDB_CUST_4235167,GOOGL,SELL,989,328.25
TDB_00002533,2024-09-23 07:49:13,TDB_CUST_1721692,FB,BUY,737,657.62
TDB_00002534,2024-09-23 13:59:14,TDB_CUST_7192458,V,BUY,262,1459.14
TDB_00002535,2024-09-21 10:52:56,TDB_CUST_5186555,NVDA,SELL,129,383.89
TDB_00002536,2024-09-18 20:33:51,TDB_CUST_6743755,JPM,BUY,324,883.99
TDB_00002537,2024-09-19 00:21:37,TDB_CUST_1117932,NFLX,BUY,640,19.87
TDB_00002538,2024-09-24 19:04:29,TDB_CUST_2835309,FB,SELL,259,824.43
TDB_00002539,2024-09-23 22:34:08,TDB_CUST_2850331,AMZN,BUY,450,292.16
TDB_00002540,2024-09-22 17:51:47,TDB_CUST_5895737,NVDA,BUY,480,181.89
TDB_00002541,2024-09-19 08:07:24,TDB_CUST_5849852,JPM,SELL,75,963.72
TDB_00002542,2024-09-24 21:36:04,TDB_CUST_7455251,TSLA,BUY,396,514.43
TDB_00002543,2024-09-24 14:36:45,TDB_CUST_5316390,TSLA,SELL,657,320.1
TDB_00002544,2024-09-25 09:40:24,TDB_CUST_8311915,TSLA,SELL,21,770.93
TDB_00002545,2024-09-19 22:21:04,TDB_CUST_2039630,AAPL,BUY,640,473.97
TDB_00002546,2024-09-20 01:20:45,TDB_CUST_9942140,V,SELL,493,585.7
TDB_00002547,2024-09-25 04:22:06,TDB_CUST_5514029,AMZN,BUY,581,113.37
TDB_00002548,2024-09-23 11:39:21,TDB_CUST_5924191,NFLX,SELL,540,766.13
TDB_00002549,2024-09-23 17:34:50,TDB_CUST_1047760,MSFT,BUY,807,81.4
TDB_00002550,2024-09-19 12:12:04,TDB_CUST_4500741,MSFT,BUY,967,1087.41
TDB_00002551,2024-09-22 21:46:13,TDB_CUST_2690962,TSLA,BUY,918,1279.27
TDB_00002552,2024-09-24 04:55:47,TDB_CUST_1476434,TSLA,BUY,854,20.31
TDB_00002553,2024-09-20 18:13:19,TDB_CUST_6276323,AAPL,SELL,959,1091.18
TDB_00002554,2024-09-22 11:28:28,TDB_CUST_2863024,MSFT,BUY,190,1271.73
TDB_00002555,2024-09-20 18:25:31,TDB_CUST_7873229,FB,SELL,707,613.4
TDB_00002556,2024-09-19 01:13:22,TDB_CUST_5344994,MSFT,BUY,278,1093.75
TDB_00002557,2024-09-23 22:01:51,TDB_CUST_9727399,FB,SELL,356,1493.63
TDB_00002558,2024-09-19 06:42:53,TDB_CUST_7937654,MSFT,SELL,326,995.98
TDB_00002559,2024-09-23 14:33:30,TDB_CUST_5642886,TSLA,BUY,396,627.35
TDB_00002560,2024-09-25 11:11:45,TDB_CUST_2012138,AMZN,SELL,333,944.51
TDB_00002561,2024-09-19 13:51:37,TDB_CUST_6095018,AMZN,BUY,446,1288.74
TDB_00002562,2024-09-25 11:40:55,TDB_CUST_2395081,AAPL,BUY,412,624.6
TDB_00002563,2024-09-24 00:56:07,TDB_CUST_4760418,GOOGL,BUY,494,351.95
TDB_00002564,2024-09-19 00:52:45,TDB_CUST_1458076,AAPL,SELL,137,344.82
TDB_00002565,2024-09-22 22:14:18,TDB_CUST_5831115,FB,SELL,312,814.9
TDB_00002566,2024-09-23 01:07:15,TDB_CUST_1318041,AAPL,SELL,277,300.63
TDB_00002567,2024-09-21 11:21:46,TDB_CUST_8691061,MSFT,BUY,234,313.14
TDB_00002568,2024-09-21 08:56:54,TDB_CUST_7200502,AMZN,BUY,493,1348.78
TDB_00002569,2024-09-23 20:31:59,TDB_CUST_8261390,MSFT,SELL,43,1170.87
TDB_00002570,2024-09-22 20:17:29,TDB_CUST_2715277,AAPL,BUY,324,404.45
TDB_00002571,2024-09-24 20:22:49,TDB_CUST_3698716,NVDA,BUY,432,1044.72
TDB_00002572,2024-09-18 20:27:46,TDB_CUST_9754054,V,SELL,101,120.33
TDB_00002573,2024-09-24 09:12:54,TDB_CUST_5195493,MSFT,SELL,13,1306.55
TDB_00002574,2024-09-21 00:40:49,TDB_CUST_7256250,GOOGL,BUY,649,819.14
TDB_00002575,2024-09-21 11:26:19,TDB_CUST_9742058,MSFT,SELL,612,1009.22
TDB_00002576,2024-09-23 08:52:55,TDB_CUST_3148437,AMZN,BUY,601,424.9
TDB_00002577,2024-09-24 04:33:25,TDB_CUST_4119972,GOOGL,BUY,171,818.97
TDB_00002578,2024-09-22 04:41:07,TDB_CUST_7429857,MSFT,BUY,105,1451.97
TDB_00002579,2024-09-19 21:31:20,TDB_CUST_3839885,JPM,SELL,715,1060.28
TDB_00002580,2024-09-24 02:05:20,TDB_CUST_1528711,NFLX,SELL,995,1427.1
TDB_00002581,2024-09-20 16:40:12,TDB_CUST_9117804,NVDA,BUY,720,1059.15
TDB_00002582,2024-09-18 18:41:23,TDB_CUST_8346050,NFLX,BUY,521,1064.74
TDB_00002583,2024-09-25 12:02:54,TDB_CUST_4398683,V,SELL,447,163.14
TDB_00002584,2024-09-24 17:20:58,TDB_CUST_3217778,AMZN,BUY,784,660.94
TDB_00002585,2024-09-23 19:17:47,TDB_CUST_9930734,AMZN,SELL,151,219.8
TDB_00002586,2024-09-22 16:26:38,TDB_CUST_5835828,MSFT,BUY,509,1090.49
TDB_00002587,2024-09-20 03:32:53,TDB_CUST_5965628,NVDA,SELL,201,602.32
TDB_00002588,2024-09-25 14:30:06,TDB_CUST_4485271,GOOGL,SELL,371,1112.75
TDB_00002589,2024-09-21 18:36:10,TDB_CUST_2340198,NVDA,BUY,599,464.35
TDB_00002590,2024-09-24 10:00:27,TDB_CUST_9157878,NVDA,BUY,704,478.25
TDB_00002591,2024-09-25 05:44:03,TDB_CUST_7320677,JPM,BUY,433,817.37
TDB_00002592,2024-09-18 20:46:49,TDB_CUST_5561708,NFLX,BUY,578,1426.99
TDB_00002593,2024-09-22 06:07:17,TDB_CUST_6459907,TSLA,BUY,239,966.58
TDB_00002594,2024-09-21 00:25:22,TDB_CUST_8660531,NFLX,SELL,594,864.97
TDB_00002595,2024-09-25 04:39:12,TDB_CUST_9353534,FB,SELL,505,77.7
TDB_00002596,2024-09-24 05:46:30,TDB_CUST_5238602,GOOGL,BUY,743,546.0
TDB_00002597,2024-09-24 04:22:04,TDB_CUST_2000288,MSFT,SELL,864,764.74
TDB_00002598,2024-09-23 04:22:53,TDB_CUST_1891563,NFLX,SELL,1,271.44
TDB_00002599,2024-09-24 08:18:10,TDB_CUST_7250532,JPM,SELL,13,124.94
TDB_00002600,2024-09-20 09:08:24,TDB_CUST_1212141,NFLX,SELL,89,947.71
TDB_00002601,2024-09-24 09:47:59,TDB_CUST_9236667,MSFT,BUY,702,964.06
TDB_00002602,2024-09-22 23:59:58,TDB_CUST_3191404,MSFT,BUY,843,375.1
TDB_00002603,2024-09-21 22:10:52,TDB_CUST_5866478,TSLA,BUY,460,820.41
TDB_00002604,2024-09-22 16:46:43,TDB_CUST_8559579,GOOGL,SELL,950,1266.76
TDB_00002605,2024-09-20 09:57:21,TDB_CUST_9168726,AMZN,SELL,451,1215.91
TDB_00002606,2024-09-20 14:32:19,TDB_CUST_6253156,AMZN,SELL,27,965.69
TDB_00002607,2024-09-20 18:12:46,TDB_CUST_8986811,NFLX,BUY,675,1126.22
TDB_00002608,2024-09-24 19:24:55,TDB_CUST_3597142,NVDA,BUY,716,136.42
TDB_00002609,2024-09-22 11:09:17,TDB_CUST_8511411,JPM,SELL,123,1124.18
TDB_00002610,2024-09-20 08:55:31,TDB_CUST_8172796,MSFT,BUY,611,520.93
TDB_00002611,2024-09-20 09:37:13,TDB_CUST_2639269,FB,BUY,457,710.43
TDB_00002612,2024-09-21 00:48:11,TDB_CUST_1003817,JPM,SELL,702,248.84
TDB_00002613,2024-09-20 05:13:24,TDB_CUST_4921538,NFLX,BUY,792,1114.75
TDB_00002614,2024-09-22 01:12:11,TDB_CUST_9050705,NFLX,BUY,691,78.6
TDB_00002615,2024-09-23 04:23:30,TDB_CUST_4722537,AAPL,BUY,584,1271.83
TDB_00002616,2024-09-19 04:44:44,TDB_CUST_3452305,NVDA,SELL,120,385.78
TDB_00002617,2024-09-18 22:30:20,TDB_CUST_1765474,NFLX,BUY,330,534.9
TDB_00002618,2024-09-25 18:04:22,TDB_CUST_8205218,JPM,SELL,111,153.76
TDB_00002619,2024-09-25 12:09:30,TDB_CUST_2661188,V,SELL,182,607.36
TDB_00002620,2024-09-21 18:36:46,TDB_CUST_8770544,AAPL,SELL,314,631.64
TDB_00002621,2024-09-19 20:09:18,TDB_CUST_3326285,AAPL,SELL,890,1336.05
TDB_00002622,2024-09-23 10:20:58,TDB_CUST_2728950,GOOGL,BUY,680,981.0
TDB_00002623,2024-09-21 21:35:56,TDB_CUST_6632935,GOOGL,BUY,123,590.99
TDB_00002624,2024-09-21 07:01:05,TDB_CUST_6758341,JPM,BUY,946,322.73
TDB_00002625,2024-09-22 14:13:44,TDB_CUST_3137751,AAPL,SELL,294,174.66
TDB_00002626,2024-09-22 06:00:24,TDB_CUST_5206318,AMZN,SELL,503,1018.91
TDB_00002627,2024-09-23 04:00:53,TDB_CUST_2614947,NVDA,SELL,269,666.66
TDB_00002628,2024-09-21 10:10:21,TDB_CUST_8018544,GOOGL,BUY,524,684.66
TDB_00002629,2024-09-22 04:41:26,TDB_CUST_8160880,TSLA,SELL,230,654.9
TDB_00002630,2024-09-19 17:17:05,TDB_CUST_3934429,AAPL,SELL,302,980.55
TDB_00002631,2024-09-22 18:28:58,TDB_CUST_3546858,MSFT,SELL,767,627.1
TDB_00002632,2024-09-21 02:37:14,TDB_CUST_6187020,NFLX,SELL,628,1245.86
TDB_00002633,2024-09-21 21:52:35,TDB_CUST_9185165,JPM,BUY,509,1282.64
TDB_00002634,2024-09-24 21:20:53,TDB_CUST_2324804,NFLX,BUY,392,1112.95
TDB_00002635,2024-09-19 04:01:35,TDB_CUST_9631824,AMZN,BUY,874,405.79
TDB_00002636,2024-09-23 20:04:47,TDB_CUST_4288024,NFLX,BUY,475,1220.03
TDB_00002637,2024-09-25 01:48:49,TDB_CUST_6222685,NVDA,BUY,353,108.17
TDB_00002638,2024-09-19 02:36:00,TDB_CUST_5150877,JPM,BUY,556,432.42
TDB_00002639,2024-09-20 03:44:54,TDB_CUST_6311852,AMZN,BUY,773,141.12
TDB_00002640,2024-09-24 19:28:37,TDB_CUST_2153389,MSFT,BUY,515,680.62
TDB_00002641,2024-09-19 18:42:46,TDB_CUST_4235406,GOOGL,SELL,102,1152.84
TDB_00002642,2024-09-19 21:41:52,TDB_CUST_1833180,MSFT,SELL,769,933.1
TDB_00002643,2024-09-25 04:53:21,TDB_CUST_4167081,GOOGL,SELL,124,40.21
TDB_00002644,2024-09-19 02:13:26,TDB_CUST_6601698,MSFT,SELL,535,1250.32
TDB_00002645,2024-09-21 18:34:28,TDB_CUST_7215936,AMZN,BUY,356,1416.41
TDB_00002646,2024-09-25 06:15:31,TDB_CUST_5269665,NFLX,BUY,44,443.27
TDB_00002647,2024-09-22 17:00:31,TDB_CUST_7127279,AAPL,SELL,472,334.99
TDB_00002648,2024-09-18 22:46:07,TDB_CUST_1037951,NFLX,SELL,640,602.07
TDB_00002649,2024-09-20 15:37:56,TDB_CUST_3936079,NFLX,SELL,698,1303.52
TDB_00002650,2024-09-20 16:33:49,TDB_CUST_8533259,JPM,SELL,711,207.99
TDB_00002651,2024-09-20 05:16:45,TDB_CUST_4107615,V,SELL,913,318.96
TDB_00002652,2024-09-21 08:34:38,TDB_CUST_5054165,TSLA,SELL,931,737.33
TDB_00002653,2024-09-19 02:51:19,TDB_CUST_1547159,FB,SELL,871,1005.86
TDB_00002654,2024-09-19 23:25:29,TDB_CUST_7787930,AAPL,SELL,546,1176.25
TDB_00002655,2024-09-21 11:23:43,TDB_CUST_7465506,JPM,BUY,755,1060.34
TDB_00002656,2024-09-24 07:57:54,TDB_CUST_6560009,GOOGL,SELL,465,940.82
TDB_00002657,2024-09-25 17:43:23,TDB_CUST_1252201,V,BUY,182,126.02
TDB_00002658,2024-09-22 11:19:02,TDB_CUST_9770087,GOOGL,BUY,672,107.35
TDB_00002659,2024-09-23 15:22:00,TDB_CUST_3888858,AMZN,SELL,504,90.87
TDB_00002660,2024-09-22 03:07:18,TDB_CUST_1410419,V,BUY,637,1030.52
TDB_00002661,2024-09-25 06:51:37,TDB_CUST_4571050,AAPL,BUY,398,33.33
TDB_00002662,2024-09-25 00:08:57,TDB_CUST_4182634,AAPL,SELL,693,654.58
TDB_00002663,2024-09-22 03:20:51,TDB_CUST_9443260,AMZN,SELL,315,666.81
TDB_00002664,2024-09-24 02:47:51,TDB_CUST_7914310,NFLX,SELL,106,1471.98
TDB_00002665,2024-09-24 08:10:17,TDB_CUST_7231748,TSLA,SELL,515,1150.21
TDB_00002666,2024-09-25 16:26:14,TDB_CUST_9185297,GOOGL,SELL,912,465.31
TDB_00002667,2024-09-24 13:13:36,TDB_CUST_4610208,NFLX,BUY,262,697.59
TDB_00002668,2024-09-19 21:41:43,TDB_CUST_8407122,GOOGL,SELL,691,648.52
TDB_00002669,2024-09-21 15:40:40,TDB_CUST_6796925,V,BUY,939,1296.56
TDB_00002670,2024-09-23 01:02:57,TDB_CUST_6334555,NFLX,SELL,712,77.74
TDB_00002671,2024-09-23 23:52:53,TDB_CUST_6571184,NFLX,BUY,531,1011.28
TDB_00002672,2024-09-21 21:34:02,TDB_CUST_9690661,JPM,SELL,317,1121.86
TDB_00002673,2024-09-21 18:31:20,TDB_CUST_5248700,AMZN,BUY,825,543.73
TDB_00002674,2024-09-21 06:14:31,TDB_CUST_5295715,TSLA,BUY,144,675.07
TDB_00002675,2024-09-24 20:48:28,TDB_CUST_5333746,JPM,BUY,945,1039.58
TDB_00002676,2024-09-23 10:49:37,TDB_CUST_7977798,TSLA,SELL,124,496.25
TDB_00002677,2024-09-23 05:24:43,TDB_CUST_2230932,GOOGL,SELL,990,54.48
TDB_00002678,2024-09-22 16:23:11,TDB_CUST_5109283,V,SELL,257,427.97
TDB_00002679,2024-09-24 02:17:06,TDB_CUST_6961167,AMZN,BUY,512,769.54
TDB_00002680,2024-09-19 20:15:36,TDB_CUST_1148410,NVDA,BUY,526,1033.33
TDB_00002681,2024-09-22 13:07:03,TDB_CUST_8820545,NVDA,BUY,586,301.51
TDB_00002682,2024-09-24 07:23:28,TDB_CUST_8006603,GOOGL,SELL,749,33.98
TDB_00002683,2024-09-23 10:12:48,TDB_CUST_5573160,NVDA,SELL,190,681.69
TDB_00002684,2024-09-23 07:51:46,TDB_CUST_7735299,NFLX,BUY,622,1279.54
TDB_00002685,2024-09-24 13:28:32,TDB_CUST_6547981,AAPL,SELL,983,175.52
TDB_00002686,2024-09-19 22:54:19,TDB_CUST_1037723,MSFT,SELL,161,768.55
TDB_00002687,2024-09-22 10:43:25,TDB_CUST_8580751,TSLA,BUY,754,197.19
TDB_00002688,2024-09-21 04:37:54,TDB_CUST_8625869,V,BUY,782,1399.95
TDB_00002689,2024-09-21 16:54:21,TDB_CUST_3568206,NFLX,SELL,894,461.27
TDB_00002690,2024-09-24 18:12:58,TDB_CUST_1941804,NVDA,BUY,307,1185.23
TDB_00002691,2024-09-19 11:20:14,TDB_CUST_2227486,NFLX,SELL,934,1241.39
TDB_00002692,2024-09-23 17:49:42,TDB_CUST_8726059,V,BUY,198,356.05
TDB_00002693,2024-09-20 11:54:25,TDB_CUST_8896339,TSLA,BUY,115,431.88
TDB_00002694,2024-09-23 18:04:31,TDB_CUST_2817330,JPM,BUY,393,1175.45
TDB_00002695,2024-09-25 10:18:41,TDB_CUST_3374635,FB,BUY,140,776.0
TDB_00002696,2024-09-25 11:28:01,TDB_CUST_9686431,GOOGL,SELL,603,1231.48
TDB_00002697,2024-09-23 05:16:18,TDB_CUST_1727168,JPM,BUY,770,1151.72
TDB_00002698,2024-09-18 20:45:25,TDB_CUST_8745926,TSLA,BUY,332,1123.11
TDB_00002699,2024-09-22 13:02:13,TDB_CUST_9852567,AMZN,BUY,460,774.08
TDB_00002700,2024-09-25 15:26:55,TDB_CUST_8711829,NVDA,BUY,731,1129.46
TDB_00002701,2024-09-23 00:09:23,TDB_CUST_7742253,GOOGL,BUY,729,32.43
TDB_00002702,2024-09-20 01:05:02,TDB_CUST_3513872,AAPL,BUY,81,887.33
TDB_00002703,2024-09-19 22:54:57,TDB_CUST_8458943,TSLA,SELL,839,1143.78
TDB_00002704,2024-09-23 22:54:01,TDB_CUST_1298202,AMZN,BUY,679,10.45
TDB_00002705,2024-09-25 01:48:14,TDB_CUST_7515528,TSLA,SELL,328,1138.06
TDB_00002706,2024-09-24 06:35:42,TDB_CUST_9656883,GOOGL,SELL,560,1344.54
TDB_00002707,2024-09-24 20:39:50,TDB_CUST_4277206,NVDA,BUY,327,674.02
TDB_00002708,2024-09-19 17:56:06,TDB_CUST_7283789,V,SELL,549,12.74
TDB_00002709,2024-09-25 11:25:04,TDB_CUST_8013858,MSFT,BUY,36,642.4
TDB_00002710,2024-09-23 01:39:38,TDB_CUST_5292981,AMZN,SELL,904,859.82
TDB_00002711,2024-09-21 05:40:27,TDB_CUST_2428669,TSLA,SELL,582,1384.1
TDB_00002712,2024-09-20 08:47:12,TDB_CUST_1873174,JPM,BUY,420,568.73
TDB_00002713,2024-09-20 12:47:23,TDB_CUST_1857215,V,SELL,632,614.31
TDB_00002714,2024-09-23 11:27:00,TDB_CUST_9984345,GOOGL,SELL,333,581.97
TDB_00002715,2024-09-21 03:05:26,TDB_CUST_6959207,NFLX,SELL,76,189.46
TDB_00002716,2024-09-24 02:44:01,TDB_CUST_8588641,MSFT,BUY,429,1458.46
TDB_00002717,2024-09-25 12:19:41,TDB_CUST_6951583,FB,SELL,779,928.16
TDB_00002718,2024-09-25 01:31:47,TDB_CUST_6459608,MSFT,BUY,236,44.86
TDB_00002719,2024-09-23 10:08:00,TDB_CUST_8835428,GOOGL,BUY,641,722.33
TDB_00002720,2024-09-19 06:13:56,TDB_CUST_4719730,AAPL,SELL,228,633.79
TDB_00002721,2024-09-21 15:24:16,TDB_CUST_1517504,JPM,BUY,777,413.58
TDB_00002722,2024-09-21 21:35:31,TDB_CUST_1578397,AAPL,SELL,115,867.52
TDB_00002723,2024-09-22 00:42:59,TDB_CUST_3175049,NVDA,BUY,775,676.91
TDB_00002724,2024-09-19 12:26:03,TDB_CUST_6375091,GOOGL,BUY,259,86.84
TDB_00002725,2024-09-20 00:30:10,TDB_CUST_1359846,FB,BUY,847,139.48
TDB_00002726,2024-09-20 22:57:06,TDB_CUST_3245773,NVDA,BUY,382,1129.56
TDB_00002727,2024-09-21 13:57:16,TDB_CUST_9538626,AMZN,BUY,848,361.31
TDB_00002728,2024-09-22 14:42:14,TDB_CUST_1565426,JPM,SELL,700,291.8
TDB_00002729,2024-09-21 15:46:31,TDB_CUST_2581121,TSLA,SELL,314,1228.38
TDB_00002730,2024-09-22 15:53:25,TDB_CUST_2242013,TSLA,BUY,174,12.3
TDB_00002731,2024-09-24 11:14:01,TDB_CUST_7301082,JPM,SELL,826,340.38
TDB_00002732,2024-09-24 04:11:27,TDB_CUST_5078064,NFLX,BUY,431,867.29
TDB_00002733,2024-09-25 06:44:22,TDB_CUST_3021569,AMZN,BUY,461,559.8
TDB_00002734,2024-09-19 21:11:19,TDB_CUST_7248545,V,SELL,922,355.6
TDB_00002735,2024-09-25 04:34:24,TDB_CUST_4254752,AMZN,BUY,470,367.06
TDB_00002736,2024-09-25 00:34:57,TDB_CUST_7862475,GOOGL,SELL,328,388.8
TDB_00002737,2024-09-19 06:08:58,TDB_CUST_9933250,NVDA,SELL,732,151.13
TDB_00002738,2024-09-24 18:54:36,TDB_CUST_1391129,NVDA,SELL,472,1445.31
TDB_00002739,2024-09-20 23:39:16,TDB_CUST_7083359,AMZN,SELL,182,1418.28
TDB_00002740,2024-09-18 20:51:33,TDB_CUST_9482460,AMZN,SELL,880,411.05
TDB_00002741,2024-09-20 11:58:40,TDB_CUST_2667835,AMZN,SELL,327,409.55
TDB_00002742,2024-09-20 19:37:05,TDB_CUST_3835831,MSFT,SELL,541,862.95
TDB_00002743,2024-09-23 15:59:51,TDB_CUST_1900246,V,BUY,74,978.8
TDB_00002744,2024-09-24 20:29:17,TDB_CUST_2856189,JPM,BUY,559,824.38
TDB_00002745,2024-09-19 10:49:39,TDB_CUST_8987718,MSFT,SELL,61,1091.94
TDB_00002746,2024-09-20 05:47:13,TDB_CUST_6938981,JPM,SELL,524,442.17
TDB_00002747,2024-09-18 22:51:28,TDB_CUST_4592292,NFLX,BUY,667,84.58
TDB_00002748,2024-09-21 06:34:46,TDB_CUST_4928575,GOOGL,BUY,646,197.63
TDB_00002749,2024-09-22 17:21:15,TDB_CUST_8066427,MSFT,BUY,960,440.92
TDB_00002750,2024-09-22 00:58:33,TDB_CUST_2388430,AAPL,SELL,29,766.39
TDB_00002751,2024-09-23 07:48:26,TDB_CUST_6816653,AMZN,SELL,141,1311.37
TDB_00002752,2024-09-20 08:23:25,TDB_CUST_5903177,AAPL,BUY,760,278.79
TDB_00002753,2024-09-21 01:52:18,TDB_CUST_8043263,MSFT,BUY,19,835.1
TDB_00002754,2024-09-25 03:10:38,TDB_CUST_8862091,AMZN,SELL,584,848.56
TDB_00002755,2024-09-25 04:48:54,TDB_CUST_7510232,MSFT,SELL,450,834.11
TDB_00002756,2024-09-19 18:03:22,TDB_CUST_4646828,NFLX,BUY,701,680.37
TDB_00002757,2024-09-19 15:24:56,TDB_CUST_2056054,NFLX,BUY,555,1275.42
TDB_00002758,2024-09-22 11:53:36,TDB_CUST_4829651,NFLX,BUY,293,1055.16
TDB_00002759,2024-09-25 00:33:55,TDB_CUST_8044170,TSLA,SELL,754,250.6
TDB_00002760,2024-09-24 17:43:51,TDB_CUST_8364301,AAPL,BUY,691,443.06
TDB_00002761,2024-09-21 16:47:11,TDB_CUST_2995810,NVDA,BUY,380,992.04
TDB_00002762,2024-09-21 07:51:33,TDB_CUST_8954922,TSLA,SELL,943,549.13
TDB_00002763,2024-09-25 01:43:14,TDB_CUST_2073465,AAPL,SELL,387,169.87
TDB_00002764,2024-09-22 20:07:53,TDB_CUST_5114178,MSFT,SELL,912,763.61
TDB_00002765,2024-09-19 23:38:05,TDB_CUST_7444048,GOOGL,BUY,475,425.75
TDB_00002766,2024-09-25 08:18:19,TDB_CUST_3041706,NFLX,SELL,779,147.19
TDB_00002767,2024-09-22 21:33:01,TDB_CUST_9251376,GOOGL,BUY,327,389.57
TDB_00002768,2024-09-23 03:10:27,TDB_CUST_4351400,NVDA,BUY,898,67.2
TDB_00002769,2024-09-20 08:51:54,TDB_CUST_4893736,FB,BUY,44,890.3
TDB_00002770,2024-09-22 06:13:14,TDB_CUST_3404716,AAPL,BUY,820,527.41
TDB_00002771,2024-09-24 02:14:34,TDB_CUST_3525942,FB,BUY,100,188.66
TDB_00002772,2024-09-23 18:15:54,TDB_CUST_8787319,TSLA,SELL,644,515.04
TDB_00002773,2024-09-24 22:52:36,TDB_CUST_5781738,TSLA,BUY,187,387.12
TDB_00002774,2024-09-25 09:15:45,TDB_CUST_6429619,AAPL,SELL,102,297.17
TDB_00002775,2024-09-23 23:03:30,TDB_CUST_4224292,FB,BUY,321,1162.16
TDB_00002776,2024-09-22 23:15:23,TDB_CUST_7330627,AMZN,BUY,347,1264.64
TDB_00002777,2024-09-23 00:53:40,TDB_CUST_9275097,TSLA,SELL,57,1372.37
TDB_00002778,2024-09-19 19:48:49,TDB_CUST_4636412,NFLX,SELL,130,124.58
TDB_00002779,2024-09-21 05:06:08,TDB_CUST_8474388,AAPL,SELL,200,905.68
TDB_00002780,2024-09-23 19:03:56,TDB_CUST_8998918,AAPL,SELL,418,1294.01
TDB_00002781,2024-09-24 13:03:17,TDB_CUST_7920275,AAPL,BUY,683,948.66
TDB_00002782,2024-09-19 06:35:16,TDB_CUST_6243517,NVDA,BUY,924,955.84
TDB_00002783,2024-09-19 22:06:48,TDB_CUST_7722457,V,SELL,809,297.98
TDB_00002784,2024-09-21 15:43:59,TDB_CUST_8720791,GOOGL,BUY,75,1402.19
TDB_00002785,2024-09-20 22:13:53,TDB_CUST_6475051,GOOGL,BUY,944,468.19
TDB_00002786,2024-09-20 21:01:57,TDB_CUST_8839983,JPM,SELL,78,961.79
TDB_00002787,2024-09-20 19:17:37,TDB_CUST_9740852,GOOGL,BUY,181,1243.03
TDB_00002788,2024-09-24 09:28:41,TDB_CUST_3693386,V,SELL,907,1241.55
TDB_00002789,2024-09-25 06:08:15,TDB_CUST_9456466,MSFT,SELL,689,1001.31
TDB_00002790,2024-09-19 09:52:39,TDB_CUST_3008538,TSLA,SELL,241,446.6
TDB_00002791,2024-09-21 20:53:37,TDB_CUST_4285405,JPM,BUY,2,1482.05
TDB_00002792,2024-09-19 03:13:31,TDB_CUST_4878709,V,SELL,54,1212.49
TDB_00002793,2024-09-25 10:29:52,TDB_CUST_6584099,V,SELL,833,122.26
TDB_00002794,2024-09-22 04:09:52,TDB_CUST_4241419,NFLX,BUY,184,128.32
TDB_00002795,2024-09-25 16:36:54,TDB_CUST_8126948,V,BUY,579,209.18
TDB_00002796,2024-09-24 06:53:59,TDB_CUST_9730577,NFLX,BUY,337,377.05
TDB_00002797,2024-09-20 06:25:59,TDB_CUST_3575370,NVDA,SELL,805,1366.3
TDB_00002798,2024-09-24 00:38:35,TDB_CUST_4262468,AAPL,SELL,864,677.12
TDB_00002799,2024-09-21 05:56:44,TDB_CUST_6107055,AMZN,BUY,972,1479.56
TDB_00002800,2024-09-25 07:54:23,TDB_CUST_6773774,V,BUY,798,991.86
TDB_00002801,2024-09-20 19:44:50,TDB_CUST_1253796,TSLA,SELL,939,603.34
TDB_00002802,2024-09-19 06:38:59,TDB_CUST_1865069,JPM,BUY,636,760.29
TDB_00002803,2024-09-21 15:26:49,TDB_CUST_3286110,V,SELL,538,1391.81
TDB_00002804,2024-09-21 18:44:07,TDB_CUST_1732990,V,SELL,520,631.67
TDB_00002805,2024-09-21 15:39:26,TDB_CUST_7756291,V,BUY,876,87.97
TDB_00002806,2024-09-21 00:33:18,TDB_CUST_4943455,AAPL,SELL,318,319.35
TDB_00002807,2024-09-21 21:24:29,TDB_CUST_1831193,V,BUY,348,321.22
TDB_00002808,2024-09-22 16:49:28,TDB_CUST_4713749,NVDA,BUY,112,1006.23
TDB_00002809,2024-09-19 20:39:43,TDB_CUST_7767117,AAPL,SELL,649,693.15
TDB_00002810,2024-09-22 20:18:45,TDB_CUST_3060777,GOOGL,BUY,195,210.85
TDB_00002811,2024-09-21 15:11:38,TDB_CUST_8833033,FB,SELL,940,1341.09
TDB_00002812,2024-09-22 16:36:47,TDB_CUST_2238117,NFLX,SELL,728,285.43
TDB_00002813,2024-09-20 17:03:46,TDB_CUST_7856225,GOOGL,SELL,364,135.84
TDB_00002814,2024-09-23 13:37:57,TDB_CUST_5080340,MSFT,SELL,417,408.4
TDB_00002815,2024-09-19 15:37:53,TDB_CUST_7781339,TSLA,SELL,464,935.95
TDB_00002816,2024-09-23 14:27:26,TDB_CUST_9667777,NFLX,BUY,170,193.55
TDB_00002817,2024-09-24 08:44:37,TDB_CUST_9616701,NFLX,BUY,75,219.19
TDB_00002818,2024-09-19 03:52:44,TDB_CUST_2053205,V,BUY,637,1020.72
TDB_00002819,2024-09-21 19:19:45,TDB_CUST_3064987,TSLA,BUY,919,345.22
TDB_00002820,2024-09-20 18:15:47,TDB_CUST_8551378,NFLX,SELL,948,846.88
TDB_00002821,2024-09-19 21:09:45,TDB_CUST_8659503,AAPL,SELL,106,42.68
TDB_00002822,2024-09-23 08:40:12,TDB_CUST_9084625,AMZN,SELL,195,1461.36
TDB_00002823,2024-09-25 14:14:04,TDB_CUST_6980531,TSLA,SELL,206,184.53
TDB_00002824,2024-09-25 08:20:01,TDB_CUST_7031873,TSLA,SELL,672,1352.72
TDB_00002825,2024-09-19 23:05:00,TDB_CUST_6255599,FB,SELL,941,127.25
TDB_00002826,2024-09-21 18:13:19,TDB_CUST_1010242,NVDA,SELL,165,1355.43
TDB_00002827,2024-09-21 10:38:38,TDB_CUST_1905044,AAPL,SELL,79,598.5
TDB_00002828,2024-09-19 04:33:34,TDB_CUST_9512134,MSFT,BUY,715,902.3
TDB_00002829,2024-09-23 15:17:20,TDB_CUST_4689235,AMZN,SELL,944,894.52
TDB_00002830,2024-09-22 22:40:14,TDB_CUST_8551609,AAPL,SELL,663,1254.8
TDB_00002831,2024-09-19 20:18:17,TDB_CUST_6516258,JPM,SELL,120,682.91
TDB_00002832,2024-09-21 01:27:45,TDB_CUST_9119969,MSFT,SELL,769,1251.65
TDB_00002833,2024-09-24 15:26:43,TDB_CUST_6571724,JPM,BUY,797,14.7
TDB_00002834,2024-09-25 10:12:17,TDB_CUST_1952937,JPM,BUY,219,748.4
TDB_00002835,2024-09-24 11:24:59,TDB_CUST_6401592,V,BUY,229,1388.72
TDB_00002836,2024-09-22 00:43:55,TDB_CUST_9118793,MSFT,SELL,177,1097.9
TDB_00002837,2024-09-20 04:47:22,TDB_CUST_4114048,AMZN,SELL,887,579.27
TDB_00002838,2024-09-22 02:15:14,TDB_CUST_9780699,NFLX,BUY,804,1028.18
TDB_00002839,2024-09-24 12:51:28,TDB_CUST_9414670,AAPL,SELL,218,43.87
TDB_00002840,2024-09-25 12:16:42,TDB_CUST_8084791,V,SELL,144,1079.88
TDB_00002841,2024-09-19 16:42:59,TDB_CUST_3354217,NVDA,SELL,346,314.8
TDB_00002842,2024-09-25 10:21:41,TDB_CUST_2267470,FB,BUY,969,55.78
TDB_00002843,2024-09-22 20:07:42,TDB_CUST_3228010,MSFT,SELL,256,958.3
TDB_00002844,2024-09-22 02:15:42,TDB_CUST_1696798,NFLX,SELL,197,195.93
TDB_00002845,2024-09-20 14:17:01,TDB_CUST_5181328,JPM,BUY,516,1077.4
TDB_00002846,2024-09-20 04:40:33,TDB_CUST_2569859,JPM,BUY,445,896.43
TDB_00002847,2024-09-22 21:58:48,TDB_CUST_3928760,GOOGL,SELL,875,420.44
TDB_00002848,2024-09-22 18:34:48,TDB_CUST_4278057,NVDA,SELL,691,1190.2
TDB_00002849,2024-09-22 20:30:59,TDB_CUST_5747391,TSLA,SELL,275,192.14
TDB_00002850,2024-09-23 16:59:17,TDB_CUST_8084844,NVDA,SELL,22,1429.74
TDB_00002851,2024-09-18 20:54:43,TDB_CUST_8698690,V,BUY,131,1044.46
TDB_00002852,2024-09-24 10:19:24,TDB_CUST_3048206,NFLX,BUY,292,1154.96
TDB_00002853,2024-09-19 10:59:23,TDB_CUST_2310267,TSLA,SELL,14,372.05
TDB_00002854,2024-09-22 05:49:56,TDB_CUST_7895892,TSLA,BUY,426,522.63
TDB_00002855,2024-09-23 14:21:26,TDB_CUST_3061723,V,BUY,836,333.68
TDB_00002856,2024-09-20 04:36:03,TDB_CUST_7425070,AMZN,SELL,336,23.92
TDB_00002857,2024-09-19 08:04:30,TDB_CUST_3548654,V,SELL,675,819.63
TDB_00002858,2024-09-25 05:23:39,TDB_CUST_4680963,AMZN,BUY,649,238.09
TDB_00002859,2024-09-22 02:50:31,TDB_CUST_2052721,NFLX,BUY,756,945.28
TDB_00002860,2024-09-21 01:56:36,TDB_CUST_1839157,FB,BUY,447,791.53
TDB_00002861,2024-09-20 01:36:28,TDB_CUST_4268459,V,BUY,113,537.52
TDB_00002862,2024-09-18 20:28:57,TDB_CUST_3378145,FB,BUY,517,446.71
TDB_00002863,2024-09-19 20:45:35,TDB_CUST_1667600,NVDA,BUY,949,316.64
TDB_00002864,2024-09-22 03:00:12,TDB_CUST_8486901,JPM,BUY,909,485.39
TDB_00002865,2024-09-18 18:42:21,TDB_CUST_8567636,GOOGL,SELL,286,73.85
TDB_00002866,2024-09-24 08:06:51,TDB_CUST_6827499,JPM,BUY,603,1056.6
TDB_00002867,2024-09-24 04:10:26,TDB_CUST_8722227,FB,BUY,769,706.0
TDB_00002868,2024-09-22 19:13:47,TDB_CUST_8906265,TSLA,BUY,490,951.41
TDB_00002869,2024-09-19 08:48:03,TDB_CUST_6342773,MSFT,SELL,107,1000.92
TDB_00002870,2024-09-18 21:00:18,TDB_CUST_7700784,MSFT,BUY,372,800.83
TDB_00002871,2024-09-21 13:32:37,TDB_CUST_3980207,AAPL,SELL,692,1495.17
TDB_00002872,2024-09-24 13:47:28,TDB_CUST_5963790,NVDA,BUY,780,1482.75
TDB_00002873,2024-09-20 18:53:41,TDB_CUST_3866169,TSLA,BUY,20,787.02
TDB_00002874,2024-09-19 01:17:39,TDB_CUST_4553963,AMZN,BUY,951,1147.55
TDB_00002875,2024-09-20 14:58:06,TDB_CUST_8755135,NFLX,SELL,66,537.64
TDB_00002876,2024-09-20 10:24:01,TDB_CUST_5460175,NFLX,SELL,756,397.88
TDB_00002877,2024-09-24 09:25:55,TDB_CUST_4926063,FB,SELL,932,111.93
TDB_00002878,2024-09-22 11:00:10,TDB_CUST_9389388,GOOGL,BUY,160,1208.12
TDB_00002879,2024-09-20 01:23:43,TDB_CUST_9508711,MSFT,SELL,33,42.89
TDB_00002880,2024-09-23 09:36:24,TDB_CUST_1703594,JPM,SELL,266,1145.22
TDB_00002881,2024-09-23 14:49:03,TDB_CUST_7429143,MSFT,SELL,840,1357.9
TDB_00002882,2024-09-22 10:33:37,TDB_CUST_6066925,AMZN,SELL,928,302.29
TDB_00002883,2024-09-24 11:48:18,TDB_CUST_2743767,NFLX,BUY,681,366.32
TDB_00002884,2024-09-19 16:20:56,TDB_CUST_1117312,JPM,SELL,981,414.35
TDB_00002885,2024-09-24 20:47:44,TDB_CUST_5048819,NVDA,BUY,920,1292.49
TDB_00002886,2024-09-24 07:16:55,TDB_CUST_5367570,TSLA,SELL,637,292.63
TDB_00002887,2024-09-24 01:13:18,TDB_CUST_7619061,AAPL,BUY,303,940.66
TDB_00002888,2024-09-23 08:49:01,TDB_CUST_4172458,AMZN,BUY,191,1499.46
TDB_00002889,2024-09-21 08:36:12,TDB_CUST_2620033,V,BUY,829,1071.21
TDB_00002890,2024-09-24 03:04:05,TDB_CUST_1394019,JPM,BUY,125,1130.19
TDB_00002891,2024-09-22 21:13:22,TDB_CUST_4546716,AAPL,BUY,922,184.13
TDB_00002892,2024-09-22 07:06:01,TDB_CUST_2264067,AMZN,BUY,781,307.58
TDB_00002893,2024-09-21 16:45:16,TDB_CUST_1163651,TSLA,SELL,361,1325.88
TDB_00002894,2024-09-24 04:25:06,TDB_CUST_5430330,GOOGL,BUY,842,894.67
TDB_00002895,2024-09-20 00:22:42,TDB_CUST_8672484,JPM,SELL,101,1178.2
TDB_00002896,2024-09-25 13:21:30,TDB_CUST_7356259,NFLX,SELL,435,227.61
TDB_00002897,2024-09-22 06:54:33,TDB_CUST_5093140,NVDA,BUY,989,593.19
TDB_00002898,2024-09-19 07:27:52,TDB_CUST_6618211,GOOGL,BUY,76,949.68
TDB_00002899,2024-09-20 00:36:41,TDB_CUST_2088482,AAPL,SELL,948,1279.64
TDB_00002900,2024-09-25 16:44:33,TDB_CUST_9572428,NVDA,BUY,108,462.52
TDB_00002901,2024-09-21 00:58:53,TDB_CUST_5274939,AMZN,SELL,342,47.46
TDB_00002902,2024-09-20 09:08:06,TDB_CUST_9098521,NVDA,SELL,82,674.16
TDB_00002903,2024-09-24 10:15:22,TDB_CUST_7715387,JPM,SELL,983,34.7
TDB_00002904,2024-09-19 11:18:17,TDB_CUST_1930550,JPM,SELL,759,473.65
TDB_00002905,2024-09-25 02:56:57,TDB_CUST_6537245,JPM,SELL,991,1418.35
TDB_00002906,2024-09-20 01:27:44,TDB_CUST_2888044,MSFT,BUY,129,257.84
TDB_00002907,2024-09-20 20:26:45,TDB_CUST_7366966,FB,BUY,903,751.83
TDB_00002908,2024-09-19 03:10:02,TDB_CUST_8392906,MSFT,SELL,527,1169.83
TDB_00002909,2024-09-18 18:23:24,TDB_CUST_4483040,MSFT,BUY,815,773.06
TDB_00002910,2024-09-21 10:59:54,TDB_CUST_4842978,JPM,SELL,691,972.61
TDB_00002911,2024-09-25 14:05:18,TDB_CUST_4433764,AAPL,BUY,381,897.93
TDB_00002912,2024-09-22 11:37:38,TDB_CUST_9282367,NFLX,BUY,843,784.84
TDB_00002913,2024-09-21 07:24:56,TDB_CUST_7835682,NFLX,SELL,982,586.48
TDB_00002914,2024-09-18 18:18:09,TDB_CUST_9329796,TSLA,SELL,188,1114.94
TDB_00002915,2024-09-23 06:50:16,TDB_CUST_8997459,JPM,BUY,643,1178.85
TDB_00002916,2024-09-23 05:58:09,TDB_CUST_5141727,GOOGL,SELL,123,1054.35
TDB_00002917,2024-09-23 18:24:44,TDB_CUST_7570986,V,BUY,142,314.65
TDB_00002918,2024-09-20 19:57:50,TDB_CUST_5736952,MSFT,BUY,464,498.44
TDB_00002919,2024-09-22 10:57:09,TDB_CUST_3459845,AMZN,SELL,876,1357.14
TDB_00002920,2024-09-25 15:10:39,TDB_CUST_3118354,MSFT,SELL,329,259.65
TDB_00002921,2024-09-24 16:59:40,TDB_CUST_2165115,TSLA,BUY,25,1453.33
TDB_00002922,2024-09-23 10:43:03,TDB_CUST_7813994,NFLX,BUY,388,473.75
TDB_00002923,2024-09-24 09:26:15,TDB_CUST_6942183,FB,SELL,927,353.85
TDB_00002924,2024-09-19 21:32:11,TDB_CUST_2106420,GOOGL,SELL,11,1459.49
TDB_00002925,2024-09-18 21:00:44,TDB_CUST_1171651,NFLX,SELL,137,1479.93
TDB_00002926,2024-09-22 06:28:04,TDB_CUST_8250489,JPM,SELL,41,1110.5
TDB_00002927,2024-09-20 10:35:53,TDB_CUST_6767724,AMZN,BUY,438,314.02
TDB_00002928,2024-09-22 15:37:35,TDB_CUST_8285339,JPM,BUY,39,167.36
TDB_00002929,2024-09-23 03:49:29,TDB_CUST_9850333,NFLX,BUY,302,1270.25
TDB_00002930,2024-09-24 12:41:01,TDB_CUST_4798284,NFLX,BUY,542,335.02
TDB_00002931,2024-09-19 01:35:22,TDB_CUST_1383092,AAPL,SELL,239,786.81
TDB_00002932,2024-09-25 03:00:46,TDB_CUST_6340401,AAPL,SELL,83,834.32
TDB_00002933,2024-09-18 18:39:32,TDB_CUST_9004444,NFLX,SELL,400,1350.2
TDB_00002934,2024-09-21 08:43:36,TDB_CUST_7376382,V,SELL,885,932.92
TDB_00002935,2024-09-25 08:34:04,TDB_CUST_2408329,FB,SELL,194,654.69
TDB_00002936,2024-09-21 08:55:30,TDB_CUST_6857688,TSLA,BUY,494,364.1
TDB_00002937,2024-09-21 08:31:44,TDB_CUST_3711203,TSLA,SELL,532,1239.17
TDB_00002938,2024-09-19 20:27:13,TDB_CUST_1912513,V,SELL,512,1260.36
TDB_00002939,2024-09-25 10:48:59,TDB_CUST_8772220,JPM,SELL,180,1089.26
TDB_00002940,2024-09-21 05:02:10,TDB_CUST_4008377,AMZN,SELL,768,499.52
TDB_00002941,2024-09-19 03:44:15,TDB_CUST_1170334,FB,SELL,113,1338.89
TDB_00002942,2024-09-25 12:22:08,TDB_CUST_8504673,NFLX,BUY,821,787.84
TDB_00002943,2024-09-24 16:51:44,TDB_CUST_3043710,AAPL,BUY,815,951.97
TDB_00002944,2024-09-18 22:12:12,TDB_CUST_9654584,NFLX,SELL,646,215.47
TDB_00002945,2024-09-21 05:52:41,TDB_CUST_4116411,NFLX,BUY,858,1083.42
TDB_00002946,2024-09-20 12:17:30,TDB_CUST_6594736,AAPL,SELL,394,1244.41
TDB_00002947,2024-09-24 10:30:28,TDB_CUST_6425956,MSFT,SELL,472,580.91
TDB_00002948,2024-09-20 12:51:33,TDB_CUST_2052800,TSLA,SELL,133,640.05
TDB_00002949,2024-09-22 00:10:19,TDB_CUST_3845922,JPM,SELL,140,1061.65
TDB_00002950,2024-09-23 07:17:44,TDB_CUST_4020384,GOOGL,SELL,123,14.42
TDB_00002951,2024-09-25 06:43:17,TDB_CUST_5436195,FB,SELL,412,442.38
TDB_00002952,2024-09-20 04:11:25,TDB_CUST_3098902,JPM,BUY,552,1078.02
TDB_00002953,2024-09-23 16:57:16,TDB_CUST_4410325,NFLX,SELL,177,682.31
TDB_00002954,2024-09-25 00:29:08,TDB_CUST_3171550,JPM,BUY,307,111.65
TDB_00002955,2024-09-21 05:19:54,TDB_CUST_3368285,JPM,SELL,848,1469.16
TDB_00002956,2024-09-23 05:48:08,TDB_CUST_1943362,TSLA,BUY,660,290.67
TDB_00002957,2024-09-18 22:40:44,TDB_CUST_3382525,V,BUY,340,851.34
TDB_00002958,2024-09-20 07:37:00,TDB_CUST_2426101,V,BUY,191,267.57
TDB_00002959,2024-09-20 11:07:11,TDB_CUST_8743782,NFLX,SELL,167,1279.98
TDB_00002960,2024-09-21 16:37:17,TDB_CUST_1866329,TSLA,SELL,224,622.69
TDB_00002961,2024-09-23 06:37:00,TDB_CUST_6157159,NFLX,SELL,489,1308.65
TDB_00002962,2024-09-22 20:34:18,TDB_CUST_3938161,GOOGL,SELL,409,664.44
TDB_00002963,2024-09-19 19:49:35,TDB_CUST_1623438,AAPL,BUY,863,248.68
TDB_00002964,2024-09-19 12:35:30,TDB_CUST_1286564,GOOGL,BUY,640,721.36
TDB_00002965,2024-09-23 23:55:13,TDB_CUST_4944831,AAPL,SELL,220,85.91
TDB_00002966,2024-09-21 08:23:45,TDB_CUST_5276486,GOOGL,SELL,636,1328.9
TDB_00002967,2024-09-20 15:12:43,TDB_CUST_9345566,V,BUY,236,1113.58
TDB_00002968,2024-09-25 16:08:18,TDB_CUST_4967815,AMZN,SELL,967,771.44
TDB_00002969,2024-09-21 12:27:37,TDB_CUST_7166259,GOOGL,BUY,688,1419.19
TDB_00002970,2024-09-22 10:15:27,TDB_CUST_8617989,AAPL,BUY,659,1317.58
TDB_00002971,2024-09-23 23:27:24,TDB_CUST_3155628,GOOGL,SELL,425,33.26
TDB_00002972,2024-09-21 15:13:23,TDB_CUST_3423496,AMZN,SELL,768,367.71
TDB_00002973,2024-09-20 03:24:03,TDB_CUST_2615209,JPM,SELL,922,803.89
TDB_00002974,2024-09-18 23:45:13,TDB_CUST_4004736,AAPL,SELL,511,1071.37
TDB_00002975,2024-09-20 05:48:09,TDB_CUST_3914175,JPM,BUY,204,1231.11
TDB_00002976,2024-09-19 17:22:19,TDB_CUST_5392855,TSLA,BUY,559,166.13
TDB_00002977,2024-09-20 13:47:57,TDB_CUST_5808541,V,BUY,356,914.81
TDB_00002978,2024-09-19 01:38:07,TDB_CUST_4134938,GOOGL,SELL,935,483.56
TDB_00002979,2024-09-25 16:56:20,TDB_CUST_4008724,NVDA,BUY,93,302.9
TDB_00002980,2024-09-20 20:22:26,TDB_CUST_8955002,NVDA,SELL,503,1004.03
TDB_00002981,2024-09-24 05:41:30,TDB_CUST_7786292,GOOGL,SELL,547,825.07
TDB_00002982,2024-09-21 02:02:12,TDB_CUST_9807547,FB,BUY,289,1017.58
TDB_00002983,2024-09-23 02:00:31,TDB_CUST_7077136,MSFT,BUY,407,658.1
TDB_00002984,2024-09-20 01:37:52,TDB_CUST_7455335,GOOGL,BUY,946,552.18
TDB_00002985,2024-09-24 19:03:32,TDB_CUST_5884778,NVDA,BUY,734,536.68
TDB_00002986,2024-09-25 16:28:23,TDB_CUST_4316135,GOOGL,SELL,544,247.1
TDB_00002987,2024-09-19 20:28:35,TDB_CUST_9914162,TSLA,BUY,420,197.52
TDB_00002988,2024-09-20 17:55:58,TDB_CUST_2645814,JPM,BUY,824,1069.17
TDB_00002989,2024-09-24 21:55:27,TDB_CUST_7527632,NVDA,SELL,6,493.78
TDB_00002990,2024-09-23 21:04:09,TDB_CUST_5076994,AMZN,SELL,515,1025.51
TDB_00002991,2024-09-25 06:17:03,TDB_CUST_1111773,FB,SELL,914,617.22
TDB_00002992,2024-09-21 02:23:57,TDB_CUST_1042957,MSFT,SELL,839,1424.12
TDB_00002993,2024-09-23 18:14:01,TDB_CUST_4021092,V,SELL,981,1186.62
TDB_00002994,2024-09-20 10:59:03,TDB_CUST_3660153,FB,SELL,889,1375.85
TDB_00002995,2024-09-21 03:15:05,TDB_CUST_9605101,FB,BUY,665,395.94
TDB_00002996,2024-09-18 18:59:09,TDB_CUST_1521901,JPM,SELL,326,1183.44
TDB_00002997,2024-09-19 22:45:36,TDB_CUST_6232483,TSLA,SELL,580,1368.24
TDB_00002998,2024-09-19 17:02:26,TDB_CUST_3051303,NVDA,SELL,598,1324.85
TDB_00002999,2024-09-23 15:27:31,TDB_CUST_9393218,MSFT,SELL,657,421.36
